pricing_id,competitor_id,competitor_name,product_name,category,date,regular_price_sar,promo_price_sar,on_promotion,competitor_type
PRICE00001,COMP001,McDonald's,Signature Burger,BURGER,2024-10-01,31.82,27.05,YES,Global Chain
PRICE00002,COMP001,McDonald's,Signature Burger,BURGER,2024-10-16,30.36,,NO,Global Chain
PRICE00003,COMP001,McDonald's,Signature Burger,BURGER,2024-10-31,32.21,,NO,Global Chain
PRICE00004,COMP001,McDonald's,Signature Burger,BURGER,2024-11-15,32.83,27.91,YES,Global Chain
PRICE00005,COMP001,McDonald's,Signature Burger,BURGER,2024-11-30,30.95,26.31,YES,Global Chain
PRICE00006,COMP001,McDonald's,Signature Burger,BURGER,2024-12-15,30.14,,NO,Global Chain
PRICE00007,COMP001,McDonald's,Value Burger,BURGER,2024-10-01,18.88,,NO,Global Chain
PRICE00008,COMP001,McDonald's,Value Burger,BURGER,2024-10-16,20.48,,NO,Global Chain
PRICE00009,COMP001,McDonald's,Value Burger,BURGER,2024-10-31,19.38,,NO,Global Chain
PRICE00010,COMP001,McDonald's,Value Burger,BURGER,2024-11-15,20.89,17.76,YES,Global Chain
PRICE00011,COMP001,McDonald's,Value Burger,BURGER,2024-11-30,20.88,,NO,Global Chain
PRICE00012,COMP001,McDonald's,Value Burger,BURGER,2024-12-15,19.69,,NO,Global Chain
PRICE00013,COMP001,McDonald's,Premium Burger,BURGER,2024-10-01,49.64,,NO,Global Chain
PRICE00014,COMP001,McDonald's,Premium Burger,BURGER,2024-10-16,44.45,37.78,YES,Global Chain
PRICE00015,COMP001,McDonald's,Premium Burger,BURGER,2024-10-31,48.98,,NO,Global Chain
PRICE00016,COMP001,McDonald's,Premium Burger,BURGER,2024-11-15,48.74,,NO,Global Chain
PRICE00017,COMP001,McDonald's,Premium Burger,BURGER,2024-11-30,47.11,,NO,Global Chain
PRICE00018,COMP001,McDonald's,Premium Burger,BURGER,2024-12-15,46.16,,NO,Global Chain
PRICE00019,COMP001,McDonald's,Chicken Burger,BURGER,2024-10-01,29.09,,NO,Global Chain
PRICE00020,COMP001,McDonald's,Chicken Burger,BURGER,2024-10-16,29.21,,NO,Global Chain
PRICE00021,COMP001,McDonald's,Chicken Burger,BURGER,2024-10-31,28.64,24.34,YES,Global Chain
PRICE00022,COMP001,McDonald's,Chicken Burger,BURGER,2024-11-15,26.94,,NO,Global Chain
PRICE00023,COMP001,McDonald's,Chicken Burger,BURGER,2024-11-30,26.41,,NO,Global Chain
PRICE00024,COMP001,McDonald's,Chicken Burger,BURGER,2024-12-15,26.49,,NO,Global Chain
PRICE00025,COMP001,McDonald's,Regular Fries,SIDES,2024-10-01,9.09,,NO,Global Chain
PRICE00026,COMP001,McDonald's,Regular Fries,SIDES,2024-10-16,8.78,,NO,Global Chain
PRICE00027,COMP001,McDonald's,Regular Fries,SIDES,2024-10-31,8.67,,NO,Global Chain
PRICE00028,COMP001,McDonald's,Regular Fries,SIDES,2024-11-15,9.1,,NO,Global Chain
PRICE00029,COMP001,McDonald's,Regular Fries,SIDES,2024-11-30,8.56,,NO,Global Chain
PRICE00030,COMP001,McDonald's,Regular Fries,SIDES,2024-12-15,8.55,,NO,Global Chain
PRICE00031,COMP001,McDonald's,Large Fries,SIDES,2024-10-01,14.24,,NO,Global Chain
PRICE00032,COMP001,McDonald's,Large Fries,SIDES,2024-10-16,13.5,,NO,Global Chain
PRICE00033,COMP001,McDonald's,Large Fries,SIDES,2024-10-31,13.99,,NO,Global Chain
PRICE00034,COMP001,McDonald's,Large Fries,SIDES,2024-11-15,12.93,10.99,YES,Global Chain
PRICE00035,COMP001,McDonald's,Large Fries,SIDES,2024-11-30,13.08,,NO,Global Chain
PRICE00036,COMP001,McDonald's,Large Fries,SIDES,2024-12-15,12.9,,NO,Global Chain
PRICE00037,COMP001,McDonald's,Soft Drink Regular,BEVERAGE,2024-10-01,7.02,,NO,Global Chain
PRICE00038,COMP001,McDonald's,Soft Drink Regular,BEVERAGE,2024-10-16,6.83,,NO,Global Chain
PRICE00039,COMP001,McDonald's,Soft Drink Regular,BEVERAGE,2024-10-31,7.05,,NO,Global Chain
PRICE00040,COMP001,McDonald's,Soft Drink Regular,BEVERAGE,2024-11-15,6.5,,NO,Global Chain
PRICE00041,COMP001,McDonald's,Soft Drink Regular,BEVERAGE,2024-11-30,6.75,,NO,Global Chain
PRICE00042,COMP001,McDonald's,Soft Drink Regular,BEVERAGE,2024-12-15,6.77,,NO,Global Chain
PRICE00043,COMP001,McDonald's,Soft Drink Large,BEVERAGE,2024-10-01,9.92,,NO,Global Chain
PRICE00044,COMP001,McDonald's,Soft Drink Large,BEVERAGE,2024-10-16,10.69,,NO,Global Chain
PRICE00045,COMP001,McDonald's,Soft Drink Large,BEVERAGE,2024-10-31,9.52,8.09,YES,Global Chain
PRICE00046,COMP001,McDonald's,Soft Drink Large,BEVERAGE,2024-11-15,9.55,,NO,Global Chain
PRICE00047,COMP001,McDonald's,Soft Drink Large,BEVERAGE,2024-11-30,10.42,,NO,Global Chain
PRICE00048,COMP001,McDonald's,Soft Drink Large,BEVERAGE,2024-12-15,9.49,,NO,Global Chain
PRICE00049,COMP001,McDonald's,Combo Meal,COMBO,2024-10-01,45.12,,NO,Global Chain
PRICE00050,COMP001,McDonald's,Combo Meal,COMBO,2024-10-16,44.99,,NO,Global Chain
PRICE00051,COMP001,McDonald's,Combo Meal,COMBO,2024-10-31,39.77,,NO,Global Chain
PRICE00052,COMP001,McDonald's,Combo Meal,COMBO,2024-11-15,43.41,,NO,Global Chain
PRICE00053,COMP001,McDonald's,Combo Meal,COMBO,2024-11-30,41.16,,NO,Global Chain
PRICE00054,COMP001,McDonald's,Combo Meal,COMBO,2024-12-15,40.32,,NO,Global Chain
PRICE00055,COMP001,McDonald's,Family Meal,COMBO,2024-10-01,105.44,,NO,Global Chain
PRICE00056,COMP001,McDonald's,Family Meal,COMBO,2024-10-16,111.17,,NO,Global Chain
PRICE00057,COMP001,McDonald's,Family Meal,COMBO,2024-10-31,106.08,,NO,Global Chain
PRICE00058,COMP001,McDonald's,Family Meal,COMBO,2024-11-15,111.67,,NO,Global Chain
PRICE00059,COMP001,McDonald's,Family Meal,COMBO,2024-11-30,103.33,,NO,Global Chain
PRICE00060,COMP001,McDonald's,Family Meal,COMBO,2024-12-15,107.55,,NO,Global Chain
PRICE00061,COMP002,Burger King,Signature Burger,BURGER,2024-10-01,32.31,,NO,Global Chain
PRICE00062,COMP002,Burger King,Signature Burger,BURGER,2024-10-16,32.38,,NO,Global Chain
PRICE00063,COMP002,Burger King,Signature Burger,BURGER,2024-10-31,29.26,,NO,Global Chain
PRICE00064,COMP002,Burger King,Signature Burger,BURGER,2024-11-15,29.34,,NO,Global Chain
PRICE00065,COMP002,Burger King,Signature Burger,BURGER,2024-11-30,32.78,,NO,Global Chain
PRICE00066,COMP002,Burger King,Signature Burger,BURGER,2024-12-15,30.49,25.92,YES,Global Chain
PRICE00067,COMP002,Burger King,Value Burger,BURGER,2024-10-01,21.07,,NO,Global Chain
PRICE00068,COMP002,Burger King,Value Burger,BURGER,2024-10-16,19.03,,NO,Global Chain
PRICE00069,COMP002,Burger King,Value Burger,BURGER,2024-10-31,18.99,,NO,Global Chain
PRICE00070,COMP002,Burger King,Value Burger,BURGER,2024-11-15,20.78,17.66,YES,Global Chain
PRICE00071,COMP002,Burger King,Value Burger,BURGER,2024-11-30,20.03,,NO,Global Chain
PRICE00072,COMP002,Burger King,Value Burger,BURGER,2024-12-15,19.49,,NO,Global Chain
PRICE00073,COMP002,Burger King,Premium Burger,BURGER,2024-10-01,46.43,,NO,Global Chain
PRICE00074,COMP002,Burger King,Premium Burger,BURGER,2024-10-16,47.13,,NO,Global Chain
PRICE00075,COMP002,Burger King,Premium Burger,BURGER,2024-10-31,45.1,,NO,Global Chain
PRICE00076,COMP002,Burger King,Premium Burger,BURGER,2024-11-15,49.87,,NO,Global Chain
PRICE00077,COMP002,Burger King,Premium Burger,BURGER,2024-11-30,46.52,,NO,Global Chain
PRICE00078,COMP002,Burger King,Premium Burger,BURGER,2024-12-15,44.62,,NO,Global Chain
PRICE00079,COMP002,Burger King,Chicken Burger,BURGER,2024-10-01,27.33,,NO,Global Chain
PRICE00080,COMP002,Burger King,Chicken Burger,BURGER,2024-10-16,26.95,,NO,Global Chain
PRICE00081,COMP002,Burger King,Chicken Burger,BURGER,2024-10-31,26.38,,NO,Global Chain
PRICE00082,COMP002,Burger King,Chicken Burger,BURGER,2024-11-15,26.94,,NO,Global Chain
PRICE00083,COMP002,Burger King,Chicken Burger,BURGER,2024-11-30,29.2,24.82,YES,Global Chain
PRICE00084,COMP002,Burger King,Chicken Burger,BURGER,2024-12-15,26.98,,NO,Global Chain
PRICE00085,COMP002,Burger King,Regular Fries,SIDES,2024-10-01,8.61,7.32,YES,Global Chain
PRICE00086,COMP002,Burger King,Regular Fries,SIDES,2024-10-16,9.43,,NO,Global Chain
PRICE00087,COMP002,Burger King,Regular Fries,SIDES,2024-10-31,8.9,,NO,Global Chain
PRICE00088,COMP002,Burger King,Regular Fries,SIDES,2024-11-15,9.28,,NO,Global Chain
PRICE00089,COMP002,Burger King,Regular Fries,SIDES,2024-11-30,8.47,,NO,Global Chain
PRICE00090,COMP002,Burger King,Regular Fries,SIDES,2024-12-15,8.84,,NO,Global Chain
PRICE00091,COMP002,Burger King,Large Fries,SIDES,2024-10-01,13.79,,NO,Global Chain
PRICE00092,COMP002,Burger King,Large Fries,SIDES,2024-10-16,14.23,12.1,YES,Global Chain
PRICE00093,COMP002,Burger King,Large Fries,SIDES,2024-10-31,13.23,,NO,Global Chain
PRICE00094,COMP002,Burger King,Large Fries,SIDES,2024-11-15,14.02,,NO,Global Chain
PRICE00095,COMP002,Burger King,Large Fries,SIDES,2024-11-30,12.87,,NO,Global Chain
PRICE00096,COMP002,Burger King,Large Fries,SIDES,2024-12-15,13.26,,NO,Global Chain
PRICE00097,COMP002,Burger King,Soft Drink Regular,BEVERAGE,2024-10-01,6.48,,NO,Global Chain
PRICE00098,COMP002,Burger King,Soft Drink Regular,BEVERAGE,2024-10-16,6.65,,NO,Global Chain
PRICE00099,COMP002,Burger King,Soft Drink Regular,BEVERAGE,2024-10-31,6.74,5.73,YES,Global Chain
PRICE00100,COMP002,Burger King,Soft Drink Regular,BEVERAGE,2024-11-15,7.13,,NO,Global Chain
PRICE00101,COMP002,Burger King,Soft Drink Regular,BEVERAGE,2024-11-30,7.1,,NO,Global Chain
PRICE00102,COMP002,Burger King,Soft Drink Regular,BEVERAGE,2024-12-15,7.0,,NO,Global Chain
PRICE00103,COMP002,Burger King,Soft Drink Large,BEVERAGE,2024-10-01,10.03,,NO,Global Chain
PRICE00104,COMP002,Burger King,Soft Drink Large,BEVERAGE,2024-10-16,9.92,8.43,YES,Global Chain
PRICE00105,COMP002,Burger King,Soft Drink Large,BEVERAGE,2024-10-31,9.89,,NO,Global Chain
PRICE00106,COMP002,Burger King,Soft Drink Large,BEVERAGE,2024-11-15,9.75,,NO,Global Chain
PRICE00107,COMP002,Burger King,Soft Drink Large,BEVERAGE,2024-11-30,9.99,,NO,Global Chain
PRICE00108,COMP002,Burger King,Soft Drink Large,BEVERAGE,2024-12-15,10.64,,NO,Global Chain
PRICE00109,COMP002,Burger King,Combo Meal,COMBO,2024-10-01,42.73,,NO,Global Chain
PRICE00110,COMP002,Burger King,Combo Meal,COMBO,2024-10-16,40.55,,NO,Global Chain
PRICE00111,COMP002,Burger King,Combo Meal,COMBO,2024-10-31,44.97,,NO,Global Chain
PRICE00112,COMP002,Burger King,Combo Meal,COMBO,2024-11-15,42.66,,NO,Global Chain
PRICE00113,COMP002,Burger King,Combo Meal,COMBO,2024-11-30,40.02,,NO,Global Chain
PRICE00114,COMP002,Burger King,Combo Meal,COMBO,2024-12-15,42.44,,NO,Global Chain
PRICE00115,COMP002,Burger King,Family Meal,COMBO,2024-10-01,101.41,,NO,Global Chain
PRICE00116,COMP002,Burger King,Family Meal,COMBO,2024-10-16,100.36,,NO,Global Chain
PRICE00117,COMP002,Burger King,Family Meal,COMBO,2024-10-31,107.36,,NO,Global Chain
PRICE00118,COMP002,Burger King,Family Meal,COMBO,2024-11-15,102.47,87.1,YES,Global Chain
PRICE00119,COMP002,Burger King,Family Meal,COMBO,2024-11-30,111.37,,NO,Global Chain
PRICE00120,COMP002,Burger King,Family Meal,COMBO,2024-12-15,107.35,,NO,Global Chain
PRICE00121,COMP003,Five Guys,Signature Burger,BURGER,2024-10-01,42.19,,NO,Global Chain
PRICE00122,COMP003,Five Guys,Signature Burger,BURGER,2024-10-16,42.75,,NO,Global Chain
PRICE00123,COMP003,Five Guys,Signature Burger,BURGER,2024-10-31,41.02,,NO,Global Chain
PRICE00124,COMP003,Five Guys,Signature Burger,BURGER,2024-11-15,41.2,,NO,Global Chain
PRICE00125,COMP003,Five Guys,Signature Burger,BURGER,2024-11-30,43.57,,NO,Global Chain
PRICE00126,COMP003,Five Guys,Signature Burger,BURGER,2024-12-15,41.63,,NO,Global Chain
PRICE00127,COMP003,Five Guys,Value Burger,BURGER,2024-10-01,25.9,,NO,Global Chain
PRICE00128,COMP003,Five Guys,Value Burger,BURGER,2024-10-16,29.15,,NO,Global Chain
PRICE00129,COMP003,Five Guys,Value Burger,BURGER,2024-10-31,25.91,,NO,Global Chain
PRICE00130,COMP003,Five Guys,Value Burger,BURGER,2024-11-15,26.58,,NO,Global Chain
PRICE00131,COMP003,Five Guys,Value Burger,BURGER,2024-11-30,28.74,,NO,Global Chain
PRICE00132,COMP003,Five Guys,Value Burger,BURGER,2024-12-15,26.95,,NO,Global Chain
PRICE00133,COMP003,Five Guys,Premium Burger,BURGER,2024-10-01,66.68,,NO,Global Chain
PRICE00134,COMP003,Five Guys,Premium Burger,BURGER,2024-10-16,64.86,,NO,Global Chain
PRICE00135,COMP003,Five Guys,Premium Burger,BURGER,2024-10-31,65.21,55.43,YES,Global Chain
PRICE00136,COMP003,Five Guys,Premium Burger,BURGER,2024-11-15,66.54,,NO,Global Chain
PRICE00137,COMP003,Five Guys,Premium Burger,BURGER,2024-11-30,65.28,,NO,Global Chain
PRICE00138,COMP003,Five Guys,Premium Burger,BURGER,2024-12-15,60.95,51.81,YES,Global Chain
PRICE00139,COMP003,Five Guys,Chicken Burger,BURGER,2024-10-01,36.15,,NO,Global Chain
PRICE00140,COMP003,Five Guys,Chicken Burger,BURGER,2024-10-16,36.95,,NO,Global Chain
PRICE00141,COMP003,Five Guys,Chicken Burger,BURGER,2024-10-31,39.12,,NO,Global Chain
PRICE00142,COMP003,Five Guys,Chicken Burger,BURGER,2024-11-15,38.72,,NO,Global Chain
PRICE00143,COMP003,Five Guys,Chicken Burger,BURGER,2024-11-30,38.01,,NO,Global Chain
PRICE00144,COMP003,Five Guys,Chicken Burger,BURGER,2024-12-15,39.75,33.79,YES,Global Chain
PRICE00145,COMP003,Five Guys,Regular Fries,SIDES,2024-10-01,12.06,,NO,Global Chain
PRICE00146,COMP003,Five Guys,Regular Fries,SIDES,2024-10-16,11.41,,NO,Global Chain
PRICE00147,COMP003,Five Guys,Regular Fries,SIDES,2024-10-31,12.39,,NO,Global Chain
PRICE00148,COMP003,Five Guys,Regular Fries,SIDES,2024-11-15,12.56,,NO,Global Chain
PRICE00149,COMP003,Five Guys,Regular Fries,SIDES,2024-11-30,12.07,10.26,YES,Global Chain
PRICE00150,COMP003,Five Guys,Regular Fries,SIDES,2024-12-15,11.52,,NO,Global Chain
PRICE00151,COMP003,Five Guys,Large Fries,SIDES,2024-10-01,19.22,,NO,Global Chain
PRICE00152,COMP003,Five Guys,Large Fries,SIDES,2024-10-16,19.05,,NO,Global Chain
PRICE00153,COMP003,Five Guys,Large Fries,SIDES,2024-10-31,17.45,14.83,YES,Global Chain
PRICE00154,COMP003,Five Guys,Large Fries,SIDES,2024-11-15,17.82,,NO,Global Chain
PRICE00155,COMP003,Five Guys,Large Fries,SIDES,2024-11-30,18.96,,NO,Global Chain
PRICE00156,COMP003,Five Guys,Large Fries,SIDES,2024-12-15,19.2,,NO,Global Chain
PRICE00157,COMP003,Five Guys,Soft Drink Regular,BEVERAGE,2024-10-01,8.84,7.51,YES,Global Chain
PRICE00158,COMP003,Five Guys,Soft Drink Regular,BEVERAGE,2024-10-16,9.46,,NO,Global Chain
PRICE00159,COMP003,Five Guys,Soft Drink Regular,BEVERAGE,2024-10-31,9.03,,NO,Global Chain
PRICE00160,COMP003,Five Guys,Soft Drink Regular,BEVERAGE,2024-11-15,8.73,,NO,Global Chain
PRICE00161,COMP003,Five Guys,Soft Drink Regular,BEVERAGE,2024-11-30,9.56,,NO,Global Chain
PRICE00162,COMP003,Five Guys,Soft Drink Regular,BEVERAGE,2024-12-15,9.5,,NO,Global Chain
PRICE00163,COMP003,Five Guys,Soft Drink Large,BEVERAGE,2024-10-01,12.87,,NO,Global Chain
PRICE00164,COMP003,Five Guys,Soft Drink Large,BEVERAGE,2024-10-16,13.41,,NO,Global Chain
PRICE00165,COMP003,Five Guys,Soft Drink Large,BEVERAGE,2024-10-31,14.23,,NO,Global Chain
PRICE00166,COMP003,Five Guys,Soft Drink Large,BEVERAGE,2024-11-15,14.25,,NO,Global Chain
PRICE00167,COMP003,Five Guys,Soft Drink Large,BEVERAGE,2024-11-30,14.21,12.08,YES,Global Chain
PRICE00168,COMP003,Five Guys,Soft Drink Large,BEVERAGE,2024-12-15,14.36,,NO,Global Chain
PRICE00169,COMP003,Five Guys,Combo Meal,COMBO,2024-10-01,55.8,,NO,Global Chain
PRICE00170,COMP003,Five Guys,Combo Meal,COMBO,2024-10-16,57.56,,NO,Global Chain
PRICE00171,COMP003,Five Guys,Combo Meal,COMBO,2024-10-31,60.04,,NO,Global Chain
PRICE00172,COMP003,Five Guys,Combo Meal,COMBO,2024-11-15,54.33,,NO,Global Chain
PRICE00173,COMP003,Five Guys,Combo Meal,COMBO,2024-11-30,56.58,,NO,Global Chain
PRICE00174,COMP003,Five Guys,Combo Meal,COMBO,2024-12-15,61.31,,NO,Global Chain
PRICE00175,COMP003,Five Guys,Family Meal,COMBO,2024-10-01,147.26,,NO,Global Chain
PRICE00176,COMP003,Five Guys,Family Meal,COMBO,2024-10-16,153.55,,NO,Global Chain
PRICE00177,COMP003,Five Guys,Family Meal,COMBO,2024-10-31,152.77,129.85,YES,Global Chain
PRICE00178,COMP003,Five Guys,Family Meal,COMBO,2024-11-15,153.35,,NO,Global Chain
PRICE00179,COMP003,Five Guys,Family Meal,COMBO,2024-11-30,153.21,,NO,Global Chain
PRICE00180,COMP003,Five Guys,Family Meal,COMBO,2024-12-15,137.38,,NO,Global Chain
PRICE00181,COMP004,Shake Shack,Signature Burger,BURGER,2024-10-01,43.88,,NO,Global Chain
PRICE00182,COMP004,Shake Shack,Signature Burger,BURGER,2024-10-16,43.21,,NO,Global Chain
PRICE00183,COMP004,Shake Shack,Signature Burger,BURGER,2024-10-31,42.0,,NO,Global Chain
PRICE00184,COMP004,Shake Shack,Signature Burger,BURGER,2024-11-15,41.29,,NO,Global Chain
PRICE00185,COMP004,Shake Shack,Signature Burger,BURGER,2024-11-30,39.91,,NO,Global Chain
PRICE00186,COMP004,Shake Shack,Signature Burger,BURGER,2024-12-15,42.84,,NO,Global Chain
PRICE00187,COMP004,Shake Shack,Value Burger,BURGER,2024-10-01,28.25,,NO,Global Chain
PRICE00188,COMP004,Shake Shack,Value Burger,BURGER,2024-10-16,26.93,22.89,YES,Global Chain
PRICE00189,COMP004,Shake Shack,Value Burger,BURGER,2024-10-31,27.98,,NO,Global Chain
PRICE00190,COMP004,Shake Shack,Value Burger,BURGER,2024-11-15,26.75,,NO,Global Chain
PRICE00191,COMP004,Shake Shack,Value Burger,BURGER,2024-11-30,28.18,,NO,Global Chain
PRICE00192,COMP004,Shake Shack,Value Burger,BURGER,2024-12-15,26.74,,NO,Global Chain
PRICE00193,COMP004,Shake Shack,Premium Burger,BURGER,2024-10-01,63.15,,NO,Global Chain
PRICE00194,COMP004,Shake Shack,Premium Burger,BURGER,2024-10-16,60.89,,NO,Global Chain
PRICE00195,COMP004,Shake Shack,Premium Burger,BURGER,2024-10-31,67.55,,NO,Global Chain
PRICE00196,COMP004,Shake Shack,Premium Burger,BURGER,2024-11-15,67.24,,NO,Global Chain
PRICE00197,COMP004,Shake Shack,Premium Burger,BURGER,2024-11-30,62.31,,NO,Global Chain
PRICE00198,COMP004,Shake Shack,Premium Burger,BURGER,2024-12-15,59.85,,NO,Global Chain
PRICE00199,COMP004,Shake Shack,Chicken Burger,BURGER,2024-10-01,37.72,,NO,Global Chain
PRICE00200,COMP004,Shake Shack,Chicken Burger,BURGER,2024-10-16,38.82,,NO,Global Chain
PRICE00201,COMP004,Shake Shack,Chicken Burger,BURGER,2024-10-31,37.78,,NO,Global Chain
PRICE00202,COMP004,Shake Shack,Chicken Burger,BURGER,2024-11-15,37.93,,NO,Global Chain
PRICE00203,COMP004,Shake Shack,Chicken Burger,BURGER,2024-11-30,39.51,,NO,Global Chain
PRICE00204,COMP004,Shake Shack,Chicken Burger,BURGER,2024-12-15,36.04,,NO,Global Chain
PRICE00205,COMP004,Shake Shack,Regular Fries,SIDES,2024-10-01,12.39,,NO,Global Chain
PRICE00206,COMP004,Shake Shack,Regular Fries,SIDES,2024-10-16,12.68,,NO,Global Chain
PRICE00207,COMP004,Shake Shack,Regular Fries,SIDES,2024-10-31,12.45,,NO,Global Chain
PRICE00208,COMP004,Shake Shack,Regular Fries,SIDES,2024-11-15,11.71,9.95,YES,Global Chain
PRICE00209,COMP004,Shake Shack,Regular Fries,SIDES,2024-11-30,11.78,,NO,Global Chain
PRICE00210,COMP004,Shake Shack,Regular Fries,SIDES,2024-12-15,12.73,10.82,YES,Global Chain
PRICE00211,COMP004,Shake Shack,Large Fries,SIDES,2024-10-01,18.07,,NO,Global Chain
PRICE00212,COMP004,Shake Shack,Large Fries,SIDES,2024-10-16,17.55,,NO,Global Chain
PRICE00213,COMP004,Shake Shack,Large Fries,SIDES,2024-10-31,18.26,,NO,Global Chain
PRICE00214,COMP004,Shake Shack,Large Fries,SIDES,2024-11-15,18.64,15.84,YES,Global Chain
PRICE00215,COMP004,Shake Shack,Large Fries,SIDES,2024-11-30,18.86,,NO,Global Chain
PRICE00216,COMP004,Shake Shack,Large Fries,SIDES,2024-12-15,17.35,,NO,Global Chain
PRICE00217,COMP004,Shake Shack,Soft Drink Regular,BEVERAGE,2024-10-01,8.76,,NO,Global Chain
PRICE00218,COMP004,Shake Shack,Soft Drink Regular,BEVERAGE,2024-10-16,9.16,7.79,YES,Global Chain
PRICE00219,COMP004,Shake Shack,Soft Drink Regular,BEVERAGE,2024-10-31,8.84,,NO,Global Chain
PRICE00220,COMP004,Shake Shack,Soft Drink Regular,BEVERAGE,2024-11-15,9.08,,NO,Global Chain
PRICE00221,COMP004,Shake Shack,Soft Drink Regular,BEVERAGE,2024-11-30,9.33,,NO,Global Chain
PRICE00222,COMP004,Shake Shack,Soft Drink Regular,BEVERAGE,2024-12-15,9.25,,NO,Global Chain
PRICE00223,COMP004,Shake Shack,Soft Drink Large,BEVERAGE,2024-10-01,14.39,,NO,Global Chain
PRICE00224,COMP004,Shake Shack,Soft Drink Large,BEVERAGE,2024-10-16,14.09,,NO,Global Chain
PRICE00225,COMP004,Shake Shack,Soft Drink Large,BEVERAGE,2024-10-31,14.28,,NO,Global Chain
PRICE00226,COMP004,Shake Shack,Soft Drink Large,BEVERAGE,2024-11-15,14.4,,NO,Global Chain
PRICE00227,COMP004,Shake Shack,Soft Drink Large,BEVERAGE,2024-11-30,13.66,,NO,Global Chain
PRICE00228,COMP004,Shake Shack,Soft Drink Large,BEVERAGE,2024-12-15,13.26,,NO,Global Chain
PRICE00229,COMP004,Shake Shack,Combo Meal,COMBO,2024-10-01,59.82,,NO,Global Chain
PRICE00230,COMP004,Shake Shack,Combo Meal,COMBO,2024-10-16,58.79,,NO,Global Chain
PRICE00231,COMP004,Shake Shack,Combo Meal,COMBO,2024-10-31,54.72,,NO,Global Chain
PRICE00232,COMP004,Shake Shack,Combo Meal,COMBO,2024-11-15,56.16,,NO,Global Chain
PRICE00233,COMP004,Shake Shack,Combo Meal,COMBO,2024-11-30,58.15,49.43,YES,Global Chain
PRICE00234,COMP004,Shake Shack,Combo Meal,COMBO,2024-12-15,55.86,,NO,Global Chain
PRICE00235,COMP004,Shake Shack,Family Meal,COMBO,2024-10-01,148.46,126.19,YES,Global Chain
PRICE00236,COMP004,Shake Shack,Family Meal,COMBO,2024-10-16,142.93,,NO,Global Chain
PRICE00237,COMP004,Shake Shack,Family Meal,COMBO,2024-10-31,143.08,,NO,Global Chain
PRICE00238,COMP004,Shake Shack,Family Meal,COMBO,2024-11-15,143.16,,NO,Global Chain
PRICE00239,COMP004,Shake Shack,Family Meal,COMBO,2024-11-30,146.2,,NO,Global Chain
PRICE00240,COMP004,Shake Shack,Family Meal,COMBO,2024-12-15,151.25,,NO,Global Chain
PRICE00241,COMP005,Kudu,Signature Burger,BURGER,2024-10-01,25.19,21.41,YES,Local Chain
PRICE00242,COMP005,Kudu,Signature Burger,BURGER,2024-10-16,25.09,,NO,Local Chain
PRICE00243,COMP005,Kudu,Signature Burger,BURGER,2024-10-31,26.74,,NO,Local Chain
PRICE00244,COMP005,Kudu,Signature Burger,BURGER,2024-11-15,25.31,,NO,Local Chain
PRICE00245,COMP005,Kudu,Signature Burger,BURGER,2024-11-30,25.73,,NO,Local Chain
PRICE00246,COMP005,Kudu,Signature Burger,BURGER,2024-12-15,24.66,,NO,Local Chain
PRICE00247,COMP005,Kudu,Value Burger,BURGER,2024-10-01,16.31,13.86,YES,Local Chain
PRICE00248,COMP005,Kudu,Value Burger,BURGER,2024-10-16,16.1,,NO,Local Chain
PRICE00249,COMP005,Kudu,Value Burger,BURGER,2024-10-31,16.24,,NO,Local Chain
PRICE00250,COMP005,Kudu,Value Burger,BURGER,2024-11-15,16.37,13.91,YES,Local Chain
PRICE00251,COMP005,Kudu,Value Burger,BURGER,2024-11-30,16.7,14.19,YES,Local Chain
PRICE00252,COMP005,Kudu,Value Burger,BURGER,2024-12-15,16.22,,NO,Local Chain
PRICE00253,COMP005,Kudu,Premium Burger,BURGER,2024-10-01,36.04,,NO,Local Chain
PRICE00254,COMP005,Kudu,Premium Burger,BURGER,2024-10-16,36.58,,NO,Local Chain
PRICE00255,COMP005,Kudu,Premium Burger,BURGER,2024-10-31,36.16,,NO,Local Chain
PRICE00256,COMP005,Kudu,Premium Burger,BURGER,2024-11-15,36.95,,NO,Local Chain
PRICE00257,COMP005,Kudu,Premium Burger,BURGER,2024-11-30,39.65,,NO,Local Chain
PRICE00258,COMP005,Kudu,Premium Burger,BURGER,2024-12-15,39.61,,NO,Local Chain
PRICE00259,COMP005,Kudu,Chicken Burger,BURGER,2024-10-01,22.11,18.79,YES,Local Chain
PRICE00260,COMP005,Kudu,Chicken Burger,BURGER,2024-10-16,21.43,,NO,Local Chain
PRICE00261,COMP005,Kudu,Chicken Burger,BURGER,2024-10-31,24.3,,NO,Local Chain
PRICE00262,COMP005,Kudu,Chicken Burger,BURGER,2024-11-15,23.28,,NO,Local Chain
PRICE00263,COMP005,Kudu,Chicken Burger,BURGER,2024-11-30,23.28,,NO,Local Chain
PRICE00264,COMP005,Kudu,Chicken Burger,BURGER,2024-12-15,24.15,,NO,Local Chain
PRICE00265,COMP005,Kudu,Regular Fries,SIDES,2024-10-01,6.86,,NO,Local Chain
PRICE00266,COMP005,Kudu,Regular Fries,SIDES,2024-10-16,6.96,,NO,Local Chain
PRICE00267,COMP005,Kudu,Regular Fries,SIDES,2024-10-31,7.37,,NO,Local Chain
PRICE00268,COMP005,Kudu,Regular Fries,SIDES,2024-11-15,7.49,,NO,Local Chain
PRICE00269,COMP005,Kudu,Regular Fries,SIDES,2024-11-30,7.0,,NO,Local Chain
PRICE00270,COMP005,Kudu,Regular Fries,SIDES,2024-12-15,7.54,6.41,YES,Local Chain
PRICE00271,COMP005,Kudu,Large Fries,SIDES,2024-10-01,11.41,,NO,Local Chain
PRICE00272,COMP005,Kudu,Large Fries,SIDES,2024-10-16,10.41,8.85,YES,Local Chain
PRICE00273,COMP005,Kudu,Large Fries,SIDES,2024-10-31,10.7,,NO,Local Chain
PRICE00274,COMP005,Kudu,Large Fries,SIDES,2024-11-15,11.61,,NO,Local Chain
PRICE00275,COMP005,Kudu,Large Fries,SIDES,2024-11-30,11.26,9.57,YES,Local Chain
PRICE00276,COMP005,Kudu,Large Fries,SIDES,2024-12-15,11.23,,NO,Local Chain
PRICE00277,COMP005,Kudu,Soft Drink Regular,BEVERAGE,2024-10-01,5.2,,NO,Local Chain
PRICE00278,COMP005,Kudu,Soft Drink Regular,BEVERAGE,2024-10-16,5.73,,NO,Local Chain
PRICE00279,COMP005,Kudu,Soft Drink Regular,BEVERAGE,2024-10-31,5.21,,NO,Local Chain
PRICE00280,COMP005,Kudu,Soft Drink Regular,BEVERAGE,2024-11-15,5.68,,NO,Local Chain
PRICE00281,COMP005,Kudu,Soft Drink Regular,BEVERAGE,2024-11-30,5.43,,NO,Local Chain
PRICE00282,COMP005,Kudu,Soft Drink Regular,BEVERAGE,2024-12-15,5.49,,NO,Local Chain
PRICE00283,COMP005,Kudu,Soft Drink Large,BEVERAGE,2024-10-01,8.59,,NO,Local Chain
PRICE00284,COMP005,Kudu,Soft Drink Large,BEVERAGE,2024-10-16,7.81,,NO,Local Chain
PRICE00285,COMP005,Kudu,Soft Drink Large,BEVERAGE,2024-10-31,8.36,,NO,Local Chain
PRICE00286,COMP005,Kudu,Soft Drink Large,BEVERAGE,2024-11-15,8.44,,NO,Local Chain
PRICE00287,COMP005,Kudu,Soft Drink Large,BEVERAGE,2024-11-30,8.47,,NO,Local Chain
PRICE00288,COMP005,Kudu,Soft Drink Large,BEVERAGE,2024-12-15,7.98,,NO,Local Chain
PRICE00289,COMP005,Kudu,Combo Meal,COMBO,2024-10-01,34.88,,NO,Local Chain
PRICE00290,COMP005,Kudu,Combo Meal,COMBO,2024-10-16,34.43,,NO,Local Chain
PRICE00291,COMP005,Kudu,Combo Meal,COMBO,2024-10-31,33.68,,NO,Local Chain
PRICE00292,COMP005,Kudu,Combo Meal,COMBO,2024-11-15,36.18,30.75,YES,Local Chain
PRICE00293,COMP005,Kudu,Combo Meal,COMBO,2024-11-30,36.41,,NO,Local Chain
PRICE00294,COMP005,Kudu,Combo Meal,COMBO,2024-12-15,34.56,,NO,Local Chain
PRICE00295,COMP005,Kudu,Family Meal,COMBO,2024-10-01,85.44,72.62,YES,Local Chain
PRICE00296,COMP005,Kudu,Family Meal,COMBO,2024-10-16,90.68,,NO,Local Chain
PRICE00297,COMP005,Kudu,Family Meal,COMBO,2024-10-31,83.58,,NO,Local Chain
PRICE00298,COMP005,Kudu,Family Meal,COMBO,2024-11-15,85.01,,NO,Local Chain
PRICE00299,COMP005,Kudu,Family Meal,COMBO,2024-11-30,89.02,,NO,Local Chain
PRICE00300,COMP005,Kudu,Family Meal,COMBO,2024-12-15,81.34,,NO,Local Chain
PRICE00301,COMP006,Herfy,Signature Burger,BURGER,2024-10-01,24.22,,NO,Local Chain
PRICE00302,COMP006,Herfy,Signature Burger,BURGER,2024-10-16,25.54,,NO,Local Chain
PRICE00303,COMP006,Herfy,Signature Burger,BURGER,2024-10-31,26.2,,NO,Local Chain
PRICE00304,COMP006,Herfy,Signature Burger,BURGER,2024-11-15,25.55,,NO,Local Chain
PRICE00305,COMP006,Herfy,Signature Burger,BURGER,2024-11-30,24.24,,NO,Local Chain
PRICE00306,COMP006,Herfy,Signature Burger,BURGER,2024-12-15,26.21,,NO,Local Chain
PRICE00307,COMP006,Herfy,Value Burger,BURGER,2024-10-01,16.61,,NO,Local Chain
PRICE00308,COMP006,Herfy,Value Burger,BURGER,2024-10-16,16.51,,NO,Local Chain
PRICE00309,COMP006,Herfy,Value Burger,BURGER,2024-10-31,16.96,,NO,Local Chain
PRICE00310,COMP006,Herfy,Value Burger,BURGER,2024-11-15,16.87,,NO,Local Chain
PRICE00311,COMP006,Herfy,Value Burger,BURGER,2024-11-30,15.92,13.53,YES,Local Chain
PRICE00312,COMP006,Herfy,Value Burger,BURGER,2024-12-15,15.8,13.43,YES,Local Chain
PRICE00313,COMP006,Herfy,Premium Burger,BURGER,2024-10-01,38.54,,NO,Local Chain
PRICE00314,COMP006,Herfy,Premium Burger,BURGER,2024-10-16,36.82,,NO,Local Chain
PRICE00315,COMP006,Herfy,Premium Burger,BURGER,2024-10-31,38.29,,NO,Local Chain
PRICE00316,COMP006,Herfy,Premium Burger,BURGER,2024-11-15,40.71,,NO,Local Chain
PRICE00317,COMP006,Herfy,Premium Burger,BURGER,2024-11-30,37.3,31.7,YES,Local Chain
PRICE00318,COMP006,Herfy,Premium Burger,BURGER,2024-12-15,36.86,,NO,Local Chain
PRICE00319,COMP006,Herfy,Chicken Burger,BURGER,2024-10-01,21.9,18.61,YES,Local Chain
PRICE00320,COMP006,Herfy,Chicken Burger,BURGER,2024-10-16,22.94,,NO,Local Chain
PRICE00321,COMP006,Herfy,Chicken Burger,BURGER,2024-10-31,24.22,,NO,Local Chain
PRICE00322,COMP006,Herfy,Chicken Burger,BURGER,2024-11-15,23.41,19.9,YES,Local Chain
PRICE00323,COMP006,Herfy,Chicken Burger,BURGER,2024-11-30,23.92,,NO,Local Chain
PRICE00324,COMP006,Herfy,Chicken Burger,BURGER,2024-12-15,23.93,,NO,Local Chain
PRICE00325,COMP006,Herfy,Regular Fries,SIDES,2024-10-01,7.28,,NO,Local Chain
PRICE00326,COMP006,Herfy,Regular Fries,SIDES,2024-10-16,7.01,5.96,YES,Local Chain
PRICE00327,COMP006,Herfy,Regular Fries,SIDES,2024-10-31,7.72,,NO,Local Chain
PRICE00328,COMP006,Herfy,Regular Fries,SIDES,2024-11-15,7.61,,NO,Local Chain
PRICE00329,COMP006,Herfy,Regular Fries,SIDES,2024-11-30,6.91,,NO,Local Chain
PRICE00330,COMP006,Herfy,Regular Fries,SIDES,2024-12-15,6.89,5.86,YES,Local Chain
PRICE00331,COMP006,Herfy,Large Fries,SIDES,2024-10-01,11.05,,NO,Local Chain
PRICE00332,COMP006,Herfy,Large Fries,SIDES,2024-10-16,11.66,9.91,YES,Local Chain
PRICE00333,COMP006,Herfy,Large Fries,SIDES,2024-10-31,11.33,,NO,Local Chain
PRICE00334,COMP006,Herfy,Large Fries,SIDES,2024-11-15,11.37,,NO,Local Chain
PRICE00335,COMP006,Herfy,Large Fries,SIDES,2024-11-30,10.99,,NO,Local Chain
PRICE00336,COMP006,Herfy,Large Fries,SIDES,2024-12-15,10.88,,NO,Local Chain
PRICE00337,COMP006,Herfy,Soft Drink Regular,BEVERAGE,2024-10-01,5.83,,NO,Local Chain
PRICE00338,COMP006,Herfy,Soft Drink Regular,BEVERAGE,2024-10-16,5.57,,NO,Local Chain
PRICE00339,COMP006,Herfy,Soft Drink Regular,BEVERAGE,2024-10-31,5.65,,NO,Local Chain
PRICE00340,COMP006,Herfy,Soft Drink Regular,BEVERAGE,2024-11-15,5.28,,NO,Local Chain
PRICE00341,COMP006,Herfy,Soft Drink Regular,BEVERAGE,2024-11-30,5.59,,NO,Local Chain
PRICE00342,COMP006,Herfy,Soft Drink Regular,BEVERAGE,2024-12-15,5.25,4.46,YES,Local Chain
PRICE00343,COMP006,Herfy,Soft Drink Large,BEVERAGE,2024-10-01,7.7,,NO,Local Chain
PRICE00344,COMP006,Herfy,Soft Drink Large,BEVERAGE,2024-10-16,8.32,,NO,Local Chain
PRICE00345,COMP006,Herfy,Soft Drink Large,BEVERAGE,2024-10-31,7.94,,NO,Local Chain
PRICE00346,COMP006,Herfy,Soft Drink Large,BEVERAGE,2024-11-15,8.44,,NO,Local Chain
PRICE00347,COMP006,Herfy,Soft Drink Large,BEVERAGE,2024-11-30,8.42,,NO,Local Chain
PRICE00348,COMP006,Herfy,Soft Drink Large,BEVERAGE,2024-12-15,8.52,,NO,Local Chain
PRICE00349,COMP006,Herfy,Combo Meal,COMBO,2024-10-01,35.43,,NO,Local Chain
PRICE00350,COMP006,Herfy,Combo Meal,COMBO,2024-10-16,34.38,,NO,Local Chain
PRICE00351,COMP006,Herfy,Combo Meal,COMBO,2024-10-31,35.37,,NO,Local Chain
PRICE00352,COMP006,Herfy,Combo Meal,COMBO,2024-11-15,36.17,30.74,YES,Local Chain
PRICE00353,COMP006,Herfy,Combo Meal,COMBO,2024-11-30,33.23,,NO,Local Chain
PRICE00354,COMP006,Herfy,Combo Meal,COMBO,2024-12-15,35.82,,NO,Local Chain
PRICE00355,COMP006,Herfy,Family Meal,COMBO,2024-10-01,84.43,71.77,YES,Local Chain
PRICE00356,COMP006,Herfy,Family Meal,COMBO,2024-10-16,88.88,,NO,Local Chain
PRICE00357,COMP006,Herfy,Family Meal,COMBO,2024-10-31,91.7,,NO,Local Chain
PRICE00358,COMP006,Herfy,Family Meal,COMBO,2024-11-15,86.71,73.7,YES,Local Chain
PRICE00359,COMP006,Herfy,Family Meal,COMBO,2024-11-30,81.67,,NO,Local Chain
PRICE00360,COMP006,Herfy,Family Meal,COMBO,2024-12-15,84.81,,NO,Local Chain
