inventory_id,store_id,product_id,product_name,category,date,current_stock,unit,reorder_point,max_capacity,days_on_hand,stock_status,unit_cost_sar
INV000001,S001,P001,Beef Burger Patty,RAW_MATERIAL,2024-10-01,141,kg,64,346,3.7,NORMAL,15
INV000002,S001,P002,Chicken Breast,RAW_MATERIAL,2024-10-01,213,kg,85,459,4.2,NORMAL,12
INV000003,S001,P003,Burger Buns,RAW_MATERIAL,2024-10-01,218,units,67,365,5.4,NORMAL,0.5
INV000004,S001,P004,French Fries,RAW_MATERIAL,2024-10-01,273,kg,119,646,3.8,NORMAL,8
INV000005,S001,P005,Lettuce,RAW_MATERIAL,2024-10-01,229,kg,104,561,3.7,NORMAL,5
INV000006,S001,P006,Tomatoes,RAW_MATERIAL,2024-10-01,152,kg,61,333,4.1,NORMAL,4
INV000007,S001,P007,Cheese Slices,RAW_MATERIAL,2024-10-01,346,units,114,618,5.0,NORMAL,0.3
INV000008,S001,P008,Soft Drink Syrup,RAW_MATERIAL,2024-10-01,297,liters,121,657,4.1,NORMAL,25
INV000009,S001,P009,Cooking Oil,RAW_MATERIAL,2024-10-01,331,liters,119,646,4.6,NORMAL,18
INV000010,S001,P010,Ice Cream Mix,RAW_MATERIAL,2024-10-01,322,liters,107,579,5.0,NORMAL,20
INV000011,S001,P011,Packaging Boxes,PACKAGING,2024-10-01,165,units,50,274,5.4,NORMAL,0.8
INV000012,S001,P012,Paper Cups,PACKAGING,2024-10-01,222,units,70,379,5.3,NORMAL,0.15
INV000013,S001,P013,Plastic Cutlery Sets,PACKAGING,2024-10-01,239,units,93,504,4.3,NORMAL,0.1
INV000014,S001,P014,Napkins,PACKAGING,2024-10-01,274,packs,77,418,5.9,NORMAL,2.5
INV000015,S001,P015,Ketchup Sachets,CONDIMENTS,2024-10-01,214,units,93,502,3.8,NORMAL,0.05
INV000016,S002,P001,Beef Burger Patty,RAW_MATERIAL,2024-10-01,276,kg,98,650,4.7,NORMAL,15
INV000017,S002,P002,Chicken Breast,RAW_MATERIAL,2024-10-01,348,kg,94,620,6.2,NORMAL,12
INV000018,S002,P003,Burger Buns,RAW_MATERIAL,2024-10-01,217,units,55,366,6.5,NORMAL,0.5
INV000019,S002,P004,French Fries,RAW_MATERIAL,2024-10-01,338,kg,118,782,4.8,NORMAL,8
INV000020,S002,P005,Lettuce,RAW_MATERIAL,2024-10-01,273,kg,98,648,4.6,NORMAL,5
INV000021,S002,P006,Tomatoes,RAW_MATERIAL,2024-10-01,358,kg,87,577,6.8,NORMAL,4
INV000022,S002,P007,Cheese Slices,RAW_MATERIAL,2024-10-01,351,units,96,635,6.1,NORMAL,0.3
INV000023,S002,P008,Soft Drink Syrup,RAW_MATERIAL,2024-10-01,159,liters,58,387,4.5,NORMAL,25
INV000024,S002,P009,Cooking Oil,RAW_MATERIAL,2024-10-01,316,liters,79,521,6.7,NORMAL,18
INV000025,S002,P010,Ice Cream Mix,RAW_MATERIAL,2024-10-01,248,liters,60,396,6.9,NORMAL,20
INV000026,S002,P011,Packaging Boxes,PACKAGING,2024-10-01,207,units,62,414,5.5,NORMAL,0.8
INV000027,S002,P012,Paper Cups,PACKAGING,2024-10-01,405,units,108,712,6.2,NORMAL,0.15
INV000028,S002,P013,Plastic Cutlery Sets,PACKAGING,2024-10-01,282,units,96,636,4.9,NORMAL,0.1
INV000029,S002,P014,Napkins,PACKAGING,2024-10-01,286,packs,95,628,5.0,NORMAL,2.5
INV000030,S002,P015,Ketchup Sachets,CONDIMENTS,2024-10-01,325,units,84,554,6.4,NORMAL,0.05
INV000031,S003,P001,Beef Burger Patty,RAW_MATERIAL,2024-10-01,159,kg,59,283,4.5,NORMAL,15
INV000032,S003,P002,Chicken Breast,RAW_MATERIAL,2024-10-01,186,kg,71,344,4.3,NORMAL,12
INV000033,S003,P003,Burger Buns,RAW_MATERIAL,2024-10-01,172,units,81,390,3.5,NORMAL,0.5
INV000034,S003,P004,French Fries,RAW_MATERIAL,2024-10-01,223,kg,98,472,3.8,NORMAL,8
INV000035,S003,P005,Lettuce,RAW_MATERIAL,2024-10-01,266,kg,121,582,3.7,NORMAL,5
INV000036,S003,P006,Tomatoes,RAW_MATERIAL,2024-10-01,274,kg,91,439,5.0,NORMAL,4
INV000037,S003,P007,Cheese Slices,RAW_MATERIAL,2024-10-01,126,units,57,273,3.7,NORMAL,0.3
INV000038,S003,P008,Soft Drink Syrup,RAW_MATERIAL,2024-10-01,159,liters,54,259,4.9,NORMAL,25
INV000039,S003,P009,Cooking Oil,RAW_MATERIAL,2024-10-01,229,liters,101,486,3.8,NORMAL,18
INV000040,S003,P010,Ice Cream Mix,RAW_MATERIAL,2024-10-01,237,liters,77,369,5.1,NORMAL,20
INV000041,S003,P011,Packaging Boxes,PACKAGING,2024-10-01,372,units,122,588,5.1,NORMAL,0.8
INV000042,S003,P012,Paper Cups,PACKAGING,2024-10-01,197,units,90,433,3.6,NORMAL,0.15
INV000043,S003,P013,Plastic Cutlery Sets,PACKAGING,2024-10-01,276,units,113,546,4.0,NORMAL,0.1
INV000044,S003,P014,Napkins,PACKAGING,2024-10-01,228,packs,108,520,3.5,NORMAL,2.5
INV000045,S003,P015,Ketchup Sachets,CONDIMENTS,2024-10-01,151,units,67,325,3.7,NORMAL,0.05
INV000046,S004,P001,Beef Burger Patty,RAW_MATERIAL,2024-10-01,397,kg,121,730,5.4,NORMAL,15
INV000047,S004,P002,Chicken Breast,RAW_MATERIAL,2024-10-01,384,kg,124,748,5.1,NORMAL,12
INV000048,S004,P003,Burger Buns,RAW_MATERIAL,2024-10-01,378,units,124,747,5.1,NORMAL,0.5
INV000049,S004,P004,French Fries,RAW_MATERIAL,2024-10-01,311,kg,78,468,6.6,NORMAL,8
INV000050,S004,P005,Lettuce,RAW_MATERIAL,2024-10-01,217,kg,67,405,5.4,NORMAL,5
INV000051,S004,P006,Tomatoes,RAW_MATERIAL,2024-10-01,221,kg,61,369,6.0,NORMAL,4
INV000052,S004,P007,Cheese Slices,RAW_MATERIAL,2024-10-01,169,units,64,384,4.4,NORMAL,0.3
INV000053,S004,P008,Soft Drink Syrup,RAW_MATERIAL,2024-10-01,257,liters,70,421,6.1,NORMAL,25
INV000054,S004,P009,Cooking Oil,RAW_MATERIAL,2024-10-01,348,liters,104,624,5.6,NORMAL,18
INV000055,S004,P010,Ice Cream Mix,RAW_MATERIAL,2024-10-01,298,liters,99,595,5.0,NORMAL,20
INV000056,S004,P011,Packaging Boxes,PACKAGING,2024-10-01,356,units,109,658,5.4,NORMAL,0.8
INV000057,S004,P012,Paper Cups,PACKAGING,2024-10-01,456,units,120,724,6.3,NORMAL,0.15
INV000058,S004,P013,Plastic Cutlery Sets,PACKAGING,2024-10-01,178,units,51,307,5.8,NORMAL,0.1
INV000059,S004,P014,Napkins,PACKAGING,2024-10-01,225,packs,64,387,5.8,NORMAL,2.5
INV000060,S004,P015,Ketchup Sachets,CONDIMENTS,2024-10-01,426,units,118,711,6.0,NORMAL,0.05
INV000061,S005,P001,Beef Burger Patty,RAW_MATERIAL,2024-10-01,289,kg,93,673,5.2,NORMAL,15
INV000062,S005,P002,Chicken Breast,RAW_MATERIAL,2024-10-01,335,kg,105,759,5.3,NORMAL,12
INV000063,S005,P003,Burger Buns,RAW_MATERIAL,2024-10-01,236,units,50,361,7.8,NORMAL,0.5
INV000064,S005,P004,French Fries,RAW_MATERIAL,2024-10-01,396,kg,83,601,7.9,NORMAL,8
INV000065,S005,P005,Lettuce,RAW_MATERIAL,2024-10-01,280,kg,72,523,6.4,NORMAL,5
INV000066,S005,P006,Tomatoes,RAW_MATERIAL,2024-10-01,289,kg,63,457,7.6,NORMAL,4
INV000067,S005,P007,Cheese Slices,RAW_MATERIAL,2024-10-01,395,units,88,633,7.5,NORMAL,0.3
INV000068,S005,P008,Soft Drink Syrup,RAW_MATERIAL,2024-10-01,464,liters,114,826,6.7,NORMAL,25
INV000069,S005,P009,Cooking Oil,RAW_MATERIAL,2024-10-01,250,liters,69,500,6.0,NORMAL,18
INV000070,S005,P010,Ice Cream Mix,RAW_MATERIAL,2024-10-01,276,liters,70,507,6.5,NORMAL,20
INV000071,S005,P011,Packaging Boxes,PACKAGING,2024-10-01,546,units,117,847,7.7,NORMAL,0.8
INV000072,S005,P012,Paper Cups,PACKAGING,2024-10-01,348,units,91,657,6.4,NORMAL,0.15
INV000073,S005,P013,Plastic Cutlery Sets,PACKAGING,2024-10-01,299,units,64,462,7.8,NORMAL,0.1
INV000074,S005,P014,Napkins,PACKAGING,2024-10-01,298,packs,89,642,5.6,NORMAL,2.5
INV000075,S005,P015,Ketchup Sachets,CONDIMENTS,2024-10-01,368,units,80,581,7.6,NORMAL,0.05
INV000076,S001,P001,Beef Burger Patty,RAW_MATERIAL,2024-10-07,137,kg,60,324,3.8,NORMAL,15
INV000077,S001,P002,Chicken Breast,RAW_MATERIAL,2024-10-07,373,kg,112,604,5.6,NORMAL,12
INV000078,S001,P003,Burger Buns,RAW_MATERIAL,2024-10-07,385,units,118,637,5.4,NORMAL,0.5
INV000079,S001,P004,French Fries,RAW_MATERIAL,2024-10-07,206,kg,66,357,5.2,NORMAL,8
INV000080,S001,P005,Lettuce,RAW_MATERIAL,2024-10-07,288,kg,120,649,4.0,NORMAL,5
INV000081,S001,P006,Tomatoes,RAW_MATERIAL,2024-10-07,401,kg,117,634,5.7,NORMAL,4
INV000082,S001,P007,Cheese Slices,RAW_MATERIAL,2024-10-07,369,units,104,561,5.9,NORMAL,0.3
INV000083,S001,P008,Soft Drink Syrup,RAW_MATERIAL,2024-10-07,386,liters,119,642,5.4,NORMAL,25
INV000084,S001,P009,Cooking Oil,RAW_MATERIAL,2024-10-07,240,liters,75,407,5.3,NORMAL,18
INV000085,S001,P010,Ice Cream Mix,RAW_MATERIAL,2024-10-07,362,liters,101,545,6.0,NORMAL,20
INV000086,S001,P011,Packaging Boxes,PACKAGING,2024-10-07,272,units,97,527,4.6,NORMAL,0.8
INV000087,S001,P012,Paper Cups,PACKAGING,2024-10-07,325,units,116,626,4.7,NORMAL,0.15
INV000088,S001,P013,Plastic Cutlery Sets,PACKAGING,2024-10-07,202,units,81,440,4.1,NORMAL,0.1
INV000089,S001,P014,Napkins,PACKAGING,2024-10-07,204,packs,93,503,3.6,NORMAL,2.5
INV000090,S001,P015,Ketchup Sachets,CONDIMENTS,2024-10-07,300,units,120,652,4.1,NORMAL,0.05
INV000091,S002,P001,Beef Burger Patty,RAW_MATERIAL,2024-10-07,206,kg,78,514,4.4,NORMAL,15
INV000092,S002,P002,Chicken Breast,RAW_MATERIAL,2024-10-07,174,kg,57,379,5.0,NORMAL,12
INV000093,S002,P003,Burger Buns,RAW_MATERIAL,2024-10-07,224,units,54,356,6.9,NORMAL,0.5
INV000094,S002,P004,French Fries,RAW_MATERIAL,2024-10-07,209,kg,59,389,5.9,NORMAL,8
INV000095,S002,P005,Lettuce,RAW_MATERIAL,2024-10-07,326,kg,85,564,6.4,NORMAL,5
INV000096,S002,P006,Tomatoes,RAW_MATERIAL,2024-10-07,277,kg,77,509,6.0,NORMAL,4
INV000097,S002,P007,Cheese Slices,RAW_MATERIAL,2024-10-07,449,units,123,811,6.1,NORMAL,0.3
INV000098,S002,P008,Soft Drink Syrup,RAW_MATERIAL,2024-10-07,325,liters,81,534,6.7,NORMAL,25
INV000099,S002,P009,Cooking Oil,RAW_MATERIAL,2024-10-07,303,liters,102,673,5.0,NORMAL,18
INV000100,S002,P010,Ice Cream Mix,RAW_MATERIAL,2024-10-07,236,liters,62,410,6.3,NORMAL,20
INV000101,S002,P011,Packaging Boxes,PACKAGING,2024-10-07,322,units,95,628,5.6,NORMAL,0.8
INV000102,S002,P012,Paper Cups,PACKAGING,2024-10-07,456,units,109,724,6.9,NORMAL,0.15
INV000103,S002,P013,Plastic Cutlery Sets,PACKAGING,2024-10-07,217,units,56,374,6.4,NORMAL,0.1
INV000104,S002,P014,Napkins,PACKAGING,2024-10-07,171,packs,62,412,4.6,NORMAL,2.5
INV000105,S002,P015,Ketchup Sachets,CONDIMENTS,2024-10-07,377,units,93,615,6.7,NORMAL,0.05
INV000106,S003,P001,Beef Burger Patty,RAW_MATERIAL,2024-10-07,142,kg,63,306,3.7,NORMAL,15
INV000107,S003,P002,Chicken Breast,RAW_MATERIAL,2024-10-07,193,kg,74,356,4.3,NORMAL,12
INV000108,S003,P003,Burger Buns,RAW_MATERIAL,2024-10-07,166,units,67,325,4.1,NORMAL,0.5
INV000109,S003,P004,French Fries,RAW_MATERIAL,2024-10-07,214,kg,85,410,4.2,NORMAL,8
INV000110,S003,P005,Lettuce,RAW_MATERIAL,2024-10-07,147,kg,59,285,4.1,NORMAL,5
INV000111,S003,P006,Tomatoes,RAW_MATERIAL,2024-10-07,245,kg,120,577,3.4,NORMAL,4
INV000112,S003,P007,Cheese Slices,RAW_MATERIAL,2024-10-07,355,units,119,571,5.0,NORMAL,0.3
INV000113,S003,P008,Soft Drink Syrup,RAW_MATERIAL,2024-10-07,191,liters,61,296,5.2,NORMAL,25
INV000114,S003,P009,Cooking Oil,RAW_MATERIAL,2024-10-07,171,liters,80,385,3.6,NORMAL,18
INV000115,S003,P010,Ice Cream Mix,RAW_MATERIAL,2024-10-07,284,liters,112,537,4.2,NORMAL,20
INV000116,S003,P011,Packaging Boxes,PACKAGING,2024-10-07,311,units,101,486,5.1,NORMAL,0.8
INV000117,S003,P012,Paper Cups,PACKAGING,2024-10-07,170,units,71,340,4.0,NORMAL,0.15
INV000118,S003,P013,Plastic Cutlery Sets,PACKAGING,2024-10-07,225,units,99,478,3.8,NORMAL,0.1
INV000119,S003,P014,Napkins,PACKAGING,2024-10-07,246,packs,108,518,3.8,NORMAL,2.5
INV000120,S003,P015,Ketchup Sachets,CONDIMENTS,2024-10-07,334,units,121,580,4.6,NORMAL,0.05
INV000121,S004,P001,Beef Burger Patty,RAW_MATERIAL,2024-10-07,297,kg,112,673,4.4,NORMAL,15
INV000122,S004,P002,Chicken Breast,RAW_MATERIAL,2024-10-07,241,kg,87,526,4.6,NORMAL,12
INV000123,S004,P003,Burger Buns,RAW_MATERIAL,2024-10-07,190,units,57,343,5.5,NORMAL,0.5
INV000124,S004,P004,French Fries,RAW_MATERIAL,2024-10-07,297,kg,119,715,4.2,NORMAL,8
INV000125,S004,P005,Lettuce,RAW_MATERIAL,2024-10-07,224,kg,90,540,4.1,NORMAL,5
INV000126,S004,P006,Tomatoes,RAW_MATERIAL,2024-10-07,394,kg,124,748,5.3,NORMAL,4
INV000127,S004,P007,Cheese Slices,RAW_MATERIAL,2024-10-07,312,units,117,706,4.4,NORMAL,0.3
INV000128,S004,P008,Soft Drink Syrup,RAW_MATERIAL,2024-10-07,290,liters,115,690,4.2,NORMAL,25
INV000129,S004,P009,Cooking Oil,RAW_MATERIAL,2024-10-07,185,liters,73,442,4.2,NORMAL,18
INV000130,S004,P010,Ice Cream Mix,RAW_MATERIAL,2024-10-07,203,liters,58,351,5.8,NORMAL,20
INV000131,S004,P011,Packaging Boxes,PACKAGING,2024-10-07,243,units,80,480,5.1,NORMAL,0.8
INV000132,S004,P012,Paper Cups,PACKAGING,2024-10-07,342,units,122,736,4.6,NORMAL,0.15
INV000133,S004,P013,Plastic Cutlery Sets,PACKAGING,2024-10-07,186,units,55,330,5.6,NORMAL,0.1
INV000134,S004,P014,Napkins,PACKAGING,2024-10-07,357,packs,103,621,5.7,NORMAL,2.5
INV000135,S004,P015,Ketchup Sachets,CONDIMENTS,2024-10-07,395,units,122,733,5.4,NORMAL,0.05
INV000136,S005,P001,Beef Burger Patty,RAW_MATERIAL,2024-10-07,272,kg,83,599,5.4,NORMAL,15
INV000137,S005,P002,Chicken Breast,RAW_MATERIAL,2024-10-07,300,kg,90,648,5.6,NORMAL,12
INV000138,S005,P003,Burger Buns,RAW_MATERIAL,2024-10-07,314,units,100,723,5.2,NORMAL,0.5
INV000139,S005,P004,French Fries,RAW_MATERIAL,2024-10-07,331,kg,88,635,6.3,NORMAL,8
INV000140,S005,P005,Lettuce,RAW_MATERIAL,2024-10-07,171,kg,59,426,4.8,NORMAL,5
INV000141,S005,P006,Tomatoes,RAW_MATERIAL,2024-10-07,584,kg,122,878,8.0,NORMAL,4
INV000142,S005,P007,Cheese Slices,RAW_MATERIAL,2024-10-07,231,units,59,426,6.5,NORMAL,0.3
INV000143,S005,P008,Soft Drink Syrup,RAW_MATERIAL,2024-10-07,388,liters,114,826,5.6,NORMAL,25
INV000144,S005,P009,Cooking Oil,RAW_MATERIAL,2024-10-07,431,liters,94,680,7.6,NORMAL,18
INV000145,S005,P010,Ice Cream Mix,RAW_MATERIAL,2024-10-07,291,liters,81,585,6.0,NORMAL,20
INV000146,S005,P011,Packaging Boxes,PACKAGING,2024-10-07,260,units,70,504,6.2,NORMAL,0.8
INV000147,S005,P012,Paper Cups,PACKAGING,2024-10-07,505,units,119,860,7.0,NORMAL,0.15
INV000148,S005,P013,Plastic Cutlery Sets,PACKAGING,2024-10-07,340,units,117,846,4.8,NORMAL,0.1
INV000149,S005,P014,Napkins,PACKAGING,2024-10-07,417,packs,120,869,5.8,NORMAL,2.5
INV000150,S005,P015,Ketchup Sachets,CONDIMENTS,2024-10-07,296,units,63,455,7.8,NORMAL,0.05
INV000151,S001,P001,Beef Burger Patty,RAW_MATERIAL,2024-10-13,170,kg,67,361,4.2,NORMAL,15
INV000152,S001,P002,Chicken Breast,RAW_MATERIAL,2024-10-13,205,kg,63,342,5.4,NORMAL,12
INV000153,S001,P003,Burger Buns,RAW_MATERIAL,2024-10-13,178,units,69,376,4.3,NORMAL,0.5
INV000154,S001,P004,French Fries,RAW_MATERIAL,2024-10-13,245,kg,76,414,5.3,NORMAL,8
INV000155,S001,P005,Lettuce,RAW_MATERIAL,2024-10-13,239,kg,76,410,5.2,NORMAL,5
INV000156,S001,P006,Tomatoes,RAW_MATERIAL,2024-10-13,241,kg,83,452,4.8,NORMAL,4
INV000157,S001,P007,Cheese Slices,RAW_MATERIAL,2024-10-13,284,units,82,442,5.8,NORMAL,0.3
INV000158,S001,P008,Soft Drink Syrup,RAW_MATERIAL,2024-10-13,129,liters,56,305,3.8,NORMAL,25
INV000159,S001,P009,Cooking Oil,RAW_MATERIAL,2024-10-13,348,liters,104,561,5.6,NORMAL,18
INV000160,S001,P010,Ice Cream Mix,RAW_MATERIAL,2024-10-13,120,liters,55,299,3.6,NORMAL,20
INV000161,S001,P011,Packaging Boxes,PACKAGING,2024-10-13,204,units,66,359,5.1,NORMAL,0.8
INV000162,S001,P012,Paper Cups,PACKAGING,2024-10-13,199,units,83,450,4.0,NORMAL,0.15
INV000163,S001,P013,Plastic Cutlery Sets,PACKAGING,2024-10-13,314,units,106,575,4.9,NORMAL,0.1
INV000164,S001,P014,Napkins,PACKAGING,2024-10-13,310,packs,104,564,4.9,NORMAL,2.5
INV000165,S001,P015,Ketchup Sachets,CONDIMENTS,2024-10-13,145,units,64,346,3.8,NORMAL,0.05
INV000166,S002,P001,Beef Burger Patty,RAW_MATERIAL,2024-10-13,248,kg,69,455,6.0,NORMAL,15
INV000167,S002,P002,Chicken Breast,RAW_MATERIAL,2024-10-13,356,kg,97,641,6.1,NORMAL,12
INV000168,S002,P003,Burger Buns,RAW_MATERIAL,2024-10-13,233,units,68,453,5.6,NORMAL,0.5
INV000169,S002,P004,French Fries,RAW_MATERIAL,2024-10-13,175,kg,55,364,5.3,NORMAL,8
INV000170,S002,P005,Lettuce,RAW_MATERIAL,2024-10-13,232,kg,55,363,7.0,NORMAL,5
INV000171,S002,P006,Tomatoes,RAW_MATERIAL,2024-10-13,294,kg,76,506,6.4,NORMAL,4
INV000172,S002,P007,Cheese Slices,RAW_MATERIAL,2024-10-13,205,units,63,415,5.4,NORMAL,0.3
INV000173,S002,P008,Soft Drink Syrup,RAW_MATERIAL,2024-10-13,509,liters,121,801,7.0,NORMAL,25
INV000174,S002,P009,Cooking Oil,RAW_MATERIAL,2024-10-13,444,liters,102,673,7.3,NORMAL,18
INV000175,S002,P010,Ice Cream Mix,RAW_MATERIAL,2024-10-13,297,liters,69,460,7.1,NORMAL,20
INV000176,S002,P011,Packaging Boxes,PACKAGING,2024-10-13,333,units,80,529,6.9,NORMAL,0.8
INV000177,S002,P012,Paper Cups,PACKAGING,2024-10-13,303,units,72,478,7.0,NORMAL,0.15
INV000178,S002,P013,Plastic Cutlery Sets,PACKAGING,2024-10-13,156,units,53,349,4.9,NORMAL,0.1
INV000179,S002,P014,Napkins,PACKAGING,2024-10-13,371,packs,92,610,6.7,NORMAL,2.5
INV000180,S002,P015,Ketchup Sachets,CONDIMENTS,2024-10-13,415,units,102,676,6.7,NORMAL,0.05
INV000181,S003,P001,Beef Burger Patty,RAW_MATERIAL,2024-10-13,184,kg,81,392,3.8,NORMAL,15
INV000182,S003,P002,Chicken Breast,RAW_MATERIAL,2024-10-13,153,kg,63,306,4.0,NORMAL,12
INV000183,S003,P003,Burger Buns,RAW_MATERIAL,2024-10-13,165,units,54,262,5.0,NORMAL,0.5
INV000184,S003,P004,French Fries,RAW_MATERIAL,2024-10-13,170,kg,78,375,3.6,NORMAL,8
INV000185,S003,P005,Lettuce,RAW_MATERIAL,2024-10-13,257,kg,108,522,3.9,NORMAL,5
INV000186,S003,P006,Tomatoes,RAW_MATERIAL,2024-10-13,174,kg,79,379,3.7,NORMAL,4
INV000187,S003,P007,Cheese Slices,RAW_MATERIAL,2024-10-13,181,units,74,357,4.0,NORMAL,0.3
INV000188,S003,P008,Soft Drink Syrup,RAW_MATERIAL,2024-10-13,258,liters,85,410,5.0,NORMAL,25
INV000189,S003,P009,Cooking Oil,RAW_MATERIAL,2024-10-13,202,liters,85,410,3.9,NORMAL,18
INV000190,S003,P010,Ice Cream Mix,RAW_MATERIAL,2024-10-13,279,liters,115,552,4.0,NORMAL,20
INV000191,S003,P011,Packaging Boxes,PACKAGING,2024-10-13,277,units,118,568,3.9,NORMAL,0.8
INV000192,S003,P012,Paper Cups,PACKAGING,2024-10-13,110,units,53,256,3.4,NORMAL,0.15
INV000193,S003,P013,Plastic Cutlery Sets,PACKAGING,2024-10-13,178,units,83,399,3.6,NORMAL,0.1
INV000194,S003,P014,Napkins,PACKAGING,2024-10-13,164,packs,83,402,3.3,NORMAL,2.5
INV000195,S003,P015,Ketchup Sachets,CONDIMENTS,2024-10-13,249,units,105,506,3.9,NORMAL,0.05
INV000196,S004,P001,Beef Burger Patty,RAW_MATERIAL,2024-10-13,278,kg,90,540,5.1,NORMAL,15
INV000197,S004,P002,Chicken Breast,RAW_MATERIAL,2024-10-13,297,kg,115,691,4.3,NORMAL,12
INV000198,S004,P003,Burger Buns,RAW_MATERIAL,2024-10-13,334,units,123,742,4.5,NORMAL,0.5
INV000199,S004,P004,French Fries,RAW_MATERIAL,2024-10-13,196,kg,55,333,5.9,NORMAL,8
INV000200,S004,P005,Lettuce,RAW_MATERIAL,2024-10-13,161,kg,50,300,5.4,NORMAL,5
INV000201,S004,P006,Tomatoes,RAW_MATERIAL,2024-10-13,415,kg,118,712,5.8,NORMAL,4
INV000202,S004,P007,Cheese Slices,RAW_MATERIAL,2024-10-13,223,units,75,450,5.0,NORMAL,0.3
INV000203,S004,P008,Soft Drink Syrup,RAW_MATERIAL,2024-10-13,230,liters,58,352,6.5,NORMAL,25
INV000204,S004,P009,Cooking Oil,RAW_MATERIAL,2024-10-13,313,liters,92,553,5.7,NORMAL,18
INV000205,S004,P010,Ice Cream Mix,RAW_MATERIAL,2024-10-13,233,liters,65,394,5.9,NORMAL,20
INV000206,S004,P011,Packaging Boxes,PACKAGING,2024-10-13,283,units,88,529,5.3,NORMAL,0.8
INV000207,S004,P012,Paper Cups,PACKAGING,2024-10-13,298,units,102,613,4.9,NORMAL,0.15
INV000208,S004,P013,Plastic Cutlery Sets,PACKAGING,2024-10-13,288,units,87,526,5.5,NORMAL,0.1
INV000209,S004,P014,Napkins,PACKAGING,2024-10-13,228,packs,74,447,5.1,NORMAL,2.5
INV000210,S004,P015,Ketchup Sachets,CONDIMENTS,2024-10-13,343,units,98,591,5.8,NORMAL,0.05
INV000211,S005,P001,Beef Burger Patty,RAW_MATERIAL,2024-10-13,293,kg,72,520,6.8,NORMAL,15
INV000212,S005,P002,Chicken Breast,RAW_MATERIAL,2024-10-13,323,kg,88,637,6.1,NORMAL,12
INV000213,S005,P003,Burger Buns,RAW_MATERIAL,2024-10-13,173,units,50,360,5.8,NORMAL,0.5
INV000214,S005,P004,French Fries,RAW_MATERIAL,2024-10-13,284,kg,76,552,6.2,NORMAL,8
INV000215,S005,P005,Lettuce,RAW_MATERIAL,2024-10-13,501,kg,124,892,6.7,NORMAL,5
INV000216,S005,P006,Tomatoes,RAW_MATERIAL,2024-10-13,343,kg,91,655,6.3,NORMAL,4
INV000217,S005,P007,Cheese Slices,RAW_MATERIAL,2024-10-13,444,units,106,766,6.9,NORMAL,0.3
INV000218,S005,P008,Soft Drink Syrup,RAW_MATERIAL,2024-10-13,436,liters,115,829,6.3,NORMAL,25
INV000219,S005,P009,Cooking Oil,RAW_MATERIAL,2024-10-13,296,liters,71,514,6.9,NORMAL,18
INV000220,S005,P010,Ice Cream Mix,RAW_MATERIAL,2024-10-13,333,liters,86,621,6.4,NORMAL,20
INV000221,S005,P011,Packaging Boxes,PACKAGING,2024-10-13,283,units,92,667,5.1,NORMAL,0.8
INV000222,S005,P012,Paper Cups,PACKAGING,2024-10-13,333,units,80,576,6.9,NORMAL,0.15
INV000223,S005,P013,Plastic Cutlery Sets,PACKAGING,2024-10-13,348,units,78,567,7.4,NORMAL,0.1
INV000224,S005,P014,Napkins,PACKAGING,2024-10-13,201,packs,68,495,4.9,NORMAL,2.5
INV000225,S005,P015,Ketchup Sachets,CONDIMENTS,2024-10-13,387,units,81,585,7.9,NORMAL,0.05
INV000226,S001,P001,Beef Burger Patty,RAW_MATERIAL,2024-10-19,166,kg,59,319,4.7,NORMAL,15
INV000227,S001,P002,Chicken Breast,RAW_MATERIAL,2024-10-19,301,kg,123,666,4.1,NORMAL,12
INV000228,S001,P003,Burger Buns,RAW_MATERIAL,2024-10-19,284,units,99,534,4.8,NORMAL,0.5
INV000229,S001,P004,French Fries,RAW_MATERIAL,2024-10-19,192,kg,81,437,4.0,NORMAL,8
INV000230,S001,P005,Lettuce,RAW_MATERIAL,2024-10-19,173,kg,50,272,5.7,NORMAL,5
INV000231,S001,P006,Tomatoes,RAW_MATERIAL,2024-10-19,208,kg,63,342,5.5,NORMAL,4
INV000232,S001,P007,Cheese Slices,RAW_MATERIAL,2024-10-19,188,units,78,421,4.0,NORMAL,0.3
INV000233,S001,P008,Soft Drink Syrup,RAW_MATERIAL,2024-10-19,328,liters,116,627,4.7,NORMAL,25
INV000234,S001,P009,Cooking Oil,RAW_MATERIAL,2024-10-19,305,liters,121,654,4.2,NORMAL,18
INV000235,S001,P010,Ice Cream Mix,RAW_MATERIAL,2024-10-19,184,liters,65,353,4.7,NORMAL,20
INV000236,S001,P011,Packaging Boxes,PACKAGING,2024-10-19,341,units,109,589,5.2,NORMAL,0.8
INV000237,S001,P012,Paper Cups,PACKAGING,2024-10-19,366,units,121,656,5.0,NORMAL,0.15
INV000238,S001,P013,Plastic Cutlery Sets,PACKAGING,2024-10-19,323,units,106,575,5.1,NORMAL,0.1
INV000239,S001,P014,Napkins,PACKAGING,2024-10-19,317,packs,114,618,4.6,NORMAL,2.5
INV000240,S001,P015,Ketchup Sachets,CONDIMENTS,2024-10-19,336,units,120,648,4.7,NORMAL,0.05
INV000241,S002,P001,Beef Burger Patty,RAW_MATERIAL,2024-10-19,277,kg,70,463,6.6,NORMAL,15
INV000242,S002,P002,Chicken Breast,RAW_MATERIAL,2024-10-19,380,kg,110,730,5.7,NORMAL,12
INV000243,S002,P003,Burger Buns,RAW_MATERIAL,2024-10-19,335,units,81,537,6.9,NORMAL,0.5
INV000244,S002,P004,French Fries,RAW_MATERIAL,2024-10-19,339,kg,85,562,6.6,NORMAL,8
INV000245,S002,P005,Lettuce,RAW_MATERIAL,2024-10-19,406,kg,116,768,5.8,NORMAL,5
INV000246,S002,P006,Tomatoes,RAW_MATERIAL,2024-10-19,251,kg,80,531,5.2,NORMAL,4
INV000247,S002,P007,Cheese Slices,RAW_MATERIAL,2024-10-19,232,units,59,394,6.5,NORMAL,0.3
INV000248,S002,P008,Soft Drink Syrup,RAW_MATERIAL,2024-10-19,249,liters,80,528,5.2,NORMAL,25
INV000249,S002,P009,Cooking Oil,RAW_MATERIAL,2024-10-19,382,liters,90,598,7.0,NORMAL,18
INV000250,S002,P010,Ice Cream Mix,RAW_MATERIAL,2024-10-19,173,liters,60,397,4.8,NORMAL,20
INV000251,S002,P011,Packaging Boxes,PACKAGING,2024-10-19,263,units,79,524,5.5,NORMAL,0.8
INV000252,S002,P012,Paper Cups,PACKAGING,2024-10-19,269,units,69,458,6.5,NORMAL,0.15
INV000253,S002,P013,Plastic Cutlery Sets,PACKAGING,2024-10-19,195,units,58,382,5.6,NORMAL,0.1
INV000254,S002,P014,Napkins,PACKAGING,2024-10-19,331,packs,92,608,6.0,NORMAL,2.5
INV000255,S002,P015,Ketchup Sachets,CONDIMENTS,2024-10-19,283,units,103,679,4.6,NORMAL,0.05
INV000256,S003,P001,Beef Burger Patty,RAW_MATERIAL,2024-10-19,250,kg,103,498,4.0,NORMAL,15
INV000257,S003,P002,Chicken Breast,RAW_MATERIAL,2024-10-19,390,kg,124,598,5.2,NORMAL,12
INV000258,S003,P003,Burger Buns,RAW_MATERIAL,2024-10-19,158,units,52,252,5.0,NORMAL,0.5
INV000259,S003,P004,French Fries,RAW_MATERIAL,2024-10-19,297,kg,123,592,4.0,NORMAL,8
INV000260,S003,P005,Lettuce,RAW_MATERIAL,2024-10-19,158,kg,50,243,5.2,NORMAL,5
INV000261,S003,P006,Tomatoes,RAW_MATERIAL,2024-10-19,253,kg,88,422,4.8,NORMAL,4
INV000262,S003,P007,Cheese Slices,RAW_MATERIAL,2024-10-19,270,units,103,496,4.3,NORMAL,0.3
INV000263,S003,P008,Soft Drink Syrup,RAW_MATERIAL,2024-10-19,352,liters,119,574,4.9,NORMAL,25
INV000264,S003,P009,Cooking Oil,RAW_MATERIAL,2024-10-19,198,liters,78,374,4.2,NORMAL,18
INV000265,S003,P010,Ice Cream Mix,RAW_MATERIAL,2024-10-19,209,liters,84,406,4.1,NORMAL,20
INV000266,S003,P011,Packaging Boxes,PACKAGING,2024-10-19,129,units,53,256,4.0,NORMAL,0.8
INV000267,S003,P012,Paper Cups,PACKAGING,2024-10-19,289,units,101,488,4.7,NORMAL,0.15
INV000268,S003,P013,Plastic Cutlery Sets,PACKAGING,2024-10-19,339,units,109,526,5.1,NORMAL,0.1
INV000269,S003,P014,Napkins,PACKAGING,2024-10-19,231,packs,118,567,3.3,NORMAL,2.5
INV000270,S003,P015,Ketchup Sachets,CONDIMENTS,2024-10-19,268,units,100,481,4.5,NORMAL,0.05
INV000271,S004,P001,Beef Burger Patty,RAW_MATERIAL,2024-10-19,134,kg,53,319,4.2,NORMAL,15
INV000272,S004,P002,Chicken Breast,RAW_MATERIAL,2024-10-19,274,kg,104,628,4.4,NORMAL,12
INV000273,S004,P003,Burger Buns,RAW_MATERIAL,2024-10-19,293,units,109,654,4.5,NORMAL,0.5
INV000274,S004,P004,French Fries,RAW_MATERIAL,2024-10-19,250,kg,83,499,5.0,NORMAL,8
INV000275,S004,P005,Lettuce,RAW_MATERIAL,2024-10-19,240,kg,77,462,5.2,NORMAL,5
INV000276,S004,P006,Tomatoes,RAW_MATERIAL,2024-10-19,336,kg,93,558,6.0,NORMAL,4
INV000277,S004,P007,Cheese Slices,RAW_MATERIAL,2024-10-19,280,units,98,591,4.7,NORMAL,0.3
INV000278,S004,P008,Soft Drink Syrup,RAW_MATERIAL,2024-10-19,290,liters,103,622,4.7,NORMAL,25
INV000279,S004,P009,Cooking Oil,RAW_MATERIAL,2024-10-19,189,liters,60,361,5.2,NORMAL,18
INV000280,S004,P010,Ice Cream Mix,RAW_MATERIAL,2024-10-19,295,liters,119,714,4.1,NORMAL,20
INV000281,S004,P011,Packaging Boxes,PACKAGING,2024-10-19,261,units,94,568,4.6,NORMAL,0.8
INV000282,S004,P012,Paper Cups,PACKAGING,2024-10-19,214,units,58,352,6.1,NORMAL,0.15
INV000283,S004,P013,Plastic Cutlery Sets,PACKAGING,2024-10-19,198,units,55,330,6.0,NORMAL,0.1
INV000284,S004,P014,Napkins,PACKAGING,2024-10-19,221,packs,81,489,4.5,NORMAL,2.5
INV000285,S004,P015,Ketchup Sachets,CONDIMENTS,2024-10-19,178,units,52,315,5.7,NORMAL,0.05
INV000286,S005,P001,Beef Burger Patty,RAW_MATERIAL,2024-10-19,251,kg,80,579,5.2,NORMAL,15
INV000287,S005,P002,Chicken Breast,RAW_MATERIAL,2024-10-19,255,kg,64,464,6.6,NORMAL,12
INV000288,S005,P003,Burger Buns,RAW_MATERIAL,2024-10-19,293,units,77,559,6.3,NORMAL,0.5
INV000289,S005,P004,French Fries,RAW_MATERIAL,2024-10-19,360,kg,82,595,7.3,NORMAL,8
INV000290,S005,P005,Lettuce,RAW_MATERIAL,2024-10-19,288,kg,71,513,6.7,NORMAL,5
INV000291,S005,P006,Tomatoes,RAW_MATERIAL,2024-10-19,282,kg,64,464,7.3,NORMAL,4
INV000292,S005,P007,Cheese Slices,RAW_MATERIAL,2024-10-19,334,units,70,509,7.9,NORMAL,0.3
INV000293,S005,P008,Soft Drink Syrup,RAW_MATERIAL,2024-10-19,254,liters,63,459,6.6,NORMAL,25
INV000294,S005,P009,Cooking Oil,RAW_MATERIAL,2024-10-19,357,liters,89,646,6.6,NORMAL,18
INV000295,S005,P010,Ice Cream Mix,RAW_MATERIAL,2024-10-19,356,liters,98,705,6.1,NORMAL,20
INV000296,S005,P011,Packaging Boxes,PACKAGING,2024-10-19,227,units,75,541,5.0,NORMAL,0.8
INV000297,S005,P012,Paper Cups,PACKAGING,2024-10-19,249,units,81,583,5.1,NORMAL,0.15
INV000298,S005,P013,Plastic Cutlery Sets,PACKAGING,2024-10-19,399,units,88,637,7.5,NORMAL,0.1
INV000299,S005,P014,Napkins,PACKAGING,2024-10-19,287,packs,65,469,7.3,NORMAL,2.5
INV000300,S005,P015,Ketchup Sachets,CONDIMENTS,2024-10-19,535,units,122,880,7.3,NORMAL,0.05
INV000301,S001,P001,Beef Burger Patty,RAW_MATERIAL,2024-10-25,275,kg,94,508,4.9,NORMAL,15
INV000302,S001,P002,Chicken Breast,RAW_MATERIAL,2024-10-25,219,kg,97,525,3.8,NORMAL,12
INV000303,S001,P003,Burger Buns,RAW_MATERIAL,2024-10-25,203,units,93,504,3.6,NORMAL,0.5
INV000304,S001,P004,French Fries,RAW_MATERIAL,2024-10-25,346,kg,103,560,5.6,NORMAL,8
INV000305,S001,P005,Lettuce,RAW_MATERIAL,2024-10-25,176,kg,63,342,4.6,NORMAL,5
INV000306,S001,P006,Tomatoes,RAW_MATERIAL,2024-10-25,295,kg,96,519,5.1,NORMAL,4
INV000307,S001,P007,Cheese Slices,RAW_MATERIAL,2024-10-25,345,units,108,587,5.3,NORMAL,0.3
INV000308,S001,P008,Soft Drink Syrup,RAW_MATERIAL,2024-10-25,254,liters,105,569,4.0,NORMAL,25
INV000309,S001,P009,Cooking Oil,RAW_MATERIAL,2024-10-25,414,liters,116,630,5.9,NORMAL,18
INV000310,S001,P010,Ice Cream Mix,RAW_MATERIAL,2024-10-25,257,liters,84,456,5.1,NORMAL,20
INV000311,S001,P011,Packaging Boxes,PACKAGING,2024-10-25,388,units,118,641,5.4,NORMAL,0.8
INV000312,S001,P012,Paper Cups,PACKAGING,2024-10-25,305,units,109,591,4.6,NORMAL,0.15
INV000313,S001,P013,Plastic Cutlery Sets,PACKAGING,2024-10-25,221,units,84,454,4.4,NORMAL,0.1
INV000314,S001,P014,Napkins,PACKAGING,2024-10-25,272,packs,81,438,5.6,NORMAL,2.5
INV000315,S001,P015,Ketchup Sachets,CONDIMENTS,2024-10-25,156,units,61,329,4.3,NORMAL,0.05
INV000316,S002,P001,Beef Burger Patty,RAW_MATERIAL,2024-10-25,329,kg,107,709,5.1,NORMAL,15
INV000317,S002,P002,Chicken Breast,RAW_MATERIAL,2024-10-25,397,kg,109,721,6.1,NORMAL,12
INV000318,S002,P003,Burger Buns,RAW_MATERIAL,2024-10-25,318,units,98,650,5.4,NORMAL,0.5
INV000319,S002,P004,French Fries,RAW_MATERIAL,2024-10-25,468,kg,113,747,6.9,NORMAL,8
INV000320,S002,P005,Lettuce,RAW_MATERIAL,2024-10-25,256,kg,73,483,5.8,NORMAL,5
INV000321,S002,P006,Tomatoes,RAW_MATERIAL,2024-10-25,385,kg,95,628,6.7,NORMAL,4
INV000322,S002,P007,Cheese Slices,RAW_MATERIAL,2024-10-25,292,units,93,617,5.2,NORMAL,0.3
INV000323,S002,P008,Soft Drink Syrup,RAW_MATERIAL,2024-10-25,308,liters,85,562,6.0,NORMAL,25
INV000324,S002,P009,Cooking Oil,RAW_MATERIAL,2024-10-25,499,liters,116,765,7.2,NORMAL,18
INV000325,S002,P010,Ice Cream Mix,RAW_MATERIAL,2024-10-25,186,liters,60,400,5.1,NORMAL,20
INV000326,S002,P011,Packaging Boxes,PACKAGING,2024-10-25,356,units,102,673,5.8,NORMAL,0.8
INV000327,S002,P012,Paper Cups,PACKAGING,2024-10-25,311,units,80,532,6.4,NORMAL,0.15
INV000328,S002,P013,Plastic Cutlery Sets,PACKAGING,2024-10-25,386,units,112,744,5.7,NORMAL,0.1
INV000329,S002,P014,Napkins,PACKAGING,2024-10-25,145,packs,52,343,4.6,NORMAL,2.5
INV000330,S002,P015,Ketchup Sachets,CONDIMENTS,2024-10-25,262,units,78,516,5.6,NORMAL,0.05
INV000331,S003,P001,Beef Burger Patty,RAW_MATERIAL,2024-10-25,187,kg,81,388,3.8,NORMAL,15
INV000332,S003,P002,Chicken Breast,RAW_MATERIAL,2024-10-25,297,kg,124,596,4.0,NORMAL,12
INV000333,S003,P003,Burger Buns,RAW_MATERIAL,2024-10-25,313,units,120,579,4.3,NORMAL,0.5
INV000334,S003,P004,French Fries,RAW_MATERIAL,2024-10-25,333,kg,104,500,5.3,NORMAL,8
INV000335,S003,P005,Lettuce,RAW_MATERIAL,2024-10-25,281,kg,120,577,3.9,NORMAL,5
INV000336,S003,P006,Tomatoes,RAW_MATERIAL,2024-10-25,244,kg,108,518,3.8,NORMAL,4
INV000337,S003,P007,Cheese Slices,RAW_MATERIAL,2024-10-25,181,units,82,393,3.7,NORMAL,0.3
INV000338,S003,P008,Soft Drink Syrup,RAW_MATERIAL,2024-10-25,173,liters,74,357,3.9,NORMAL,25
INV000339,S003,P009,Cooking Oil,RAW_MATERIAL,2024-10-25,371,liters,118,568,5.2,NORMAL,18
INV000340,S003,P010,Ice Cream Mix,RAW_MATERIAL,2024-10-25,159,liters,73,352,3.6,NORMAL,20
INV000341,S003,P011,Packaging Boxes,PACKAGING,2024-10-25,254,units,111,536,3.8,NORMAL,0.8
INV000342,S003,P012,Paper Cups,PACKAGING,2024-10-25,314,units,117,561,4.5,NORMAL,0.15
INV000343,S003,P013,Plastic Cutlery Sets,PACKAGING,2024-10-25,187,units,62,301,5.0,NORMAL,0.1
INV000344,S003,P014,Napkins,PACKAGING,2024-10-25,194,packs,87,421,3.7,NORMAL,2.5
INV000345,S003,P015,Ketchup Sachets,CONDIMENTS,2024-10-25,167,units,72,349,3.8,NORMAL,0.05
INV000346,S004,P001,Beef Burger Patty,RAW_MATERIAL,2024-10-25,307,kg,118,709,4.3,NORMAL,15
INV000347,S004,P002,Chicken Breast,RAW_MATERIAL,2024-10-25,220,kg,55,334,6.6,NORMAL,12
INV000348,S004,P003,Burger Buns,RAW_MATERIAL,2024-10-25,346,units,120,724,4.8,NORMAL,0.5
INV000349,S004,P004,French Fries,RAW_MATERIAL,2024-10-25,225,kg,66,396,5.7,NORMAL,8
INV000350,S004,P005,Lettuce,RAW_MATERIAL,2024-10-25,289,kg,112,676,4.3,NORMAL,5
INV000351,S004,P006,Tomatoes,RAW_MATERIAL,2024-10-25,170,kg,51,309,5.5,NORMAL,4
INV000352,S004,P007,Cheese Slices,RAW_MATERIAL,2024-10-25,348,units,110,660,5.3,NORMAL,0.3
INV000353,S004,P008,Soft Drink Syrup,RAW_MATERIAL,2024-10-25,251,liters,93,561,4.5,NORMAL,25
INV000354,S004,P009,Cooking Oil,RAW_MATERIAL,2024-10-25,158,liters,56,339,4.7,NORMAL,18
INV000355,S004,P010,Ice Cream Mix,RAW_MATERIAL,2024-10-25,286,liters,111,666,4.3,NORMAL,20
INV000356,S004,P011,Packaging Boxes,PACKAGING,2024-10-25,177,units,58,349,5.1,NORMAL,0.8
INV000357,S004,P012,Paper Cups,PACKAGING,2024-10-25,196,units,59,355,5.5,NORMAL,0.15
INV000358,S004,P013,Plastic Cutlery Sets,PACKAGING,2024-10-25,149,units,56,340,4.4,NORMAL,0.1
INV000359,S004,P014,Napkins,PACKAGING,2024-10-25,478,packs,122,732,6.5,NORMAL,2.5
INV000360,S004,P015,Ketchup Sachets,CONDIMENTS,2024-10-25,242,units,60,364,6.6,NORMAL,0.05
INV000361,S005,P001,Beef Burger Patty,RAW_MATERIAL,2024-10-25,256,kg,65,468,6.6,NORMAL,15
INV000362,S005,P002,Chicken Breast,RAW_MATERIAL,2024-10-25,417,kg,103,743,6.7,NORMAL,12
INV000363,S005,P003,Burger Buns,RAW_MATERIAL,2024-10-25,344,units,78,567,7.3,NORMAL,0.5
INV000364,S005,P004,French Fries,RAW_MATERIAL,2024-10-25,368,kg,98,709,6.2,NORMAL,8
INV000365,S005,P005,Lettuce,RAW_MATERIAL,2024-10-25,367,kg,106,766,5.7,NORMAL,5
INV000366,S005,P006,Tomatoes,RAW_MATERIAL,2024-10-25,363,kg,104,754,5.8,NORMAL,4
INV000367,S005,P007,Cheese Slices,RAW_MATERIAL,2024-10-25,232,units,57,414,6.7,NORMAL,0.3
INV000368,S005,P008,Soft Drink Syrup,RAW_MATERIAL,2024-10-25,293,liters,62,450,7.8,NORMAL,25
INV000369,S005,P009,Cooking Oil,RAW_MATERIAL,2024-10-25,312,liters,76,550,6.8,NORMAL,18
INV000370,S005,P010,Ice Cream Mix,RAW_MATERIAL,2024-10-25,347,liters,83,603,6.9,NORMAL,20
INV000371,S005,P011,Packaging Boxes,PACKAGING,2024-10-25,233,units,70,504,5.5,NORMAL,0.8
INV000372,S005,P012,Paper Cups,PACKAGING,2024-10-25,364,units,120,867,5.0,NORMAL,0.15
INV000373,S005,P013,Plastic Cutlery Sets,PACKAGING,2024-10-25,184,units,50,361,6.1,NORMAL,0.1
INV000374,S005,P014,Napkins,PACKAGING,2024-10-25,378,packs,110,792,5.7,NORMAL,2.5
INV000375,S005,P015,Ketchup Sachets,CONDIMENTS,2024-10-25,272,units,79,572,5.7,NORMAL,0.05
INV000376,S001,P001,Beef Burger Patty,RAW_MATERIAL,2024-10-31,272,kg,86,464,5.3,NORMAL,15
INV000377,S001,P002,Chicken Breast,RAW_MATERIAL,2024-10-31,244,kg,108,583,3.8,NORMAL,12
INV000378,S001,P003,Burger Buns,RAW_MATERIAL,2024-10-31,278,units,79,430,5.8,NORMAL,0.5
INV000379,S001,P004,French Fries,RAW_MATERIAL,2024-10-31,208,kg,75,406,4.6,NORMAL,8
INV000380,S001,P005,Lettuce,RAW_MATERIAL,2024-10-31,296,kg,119,645,4.1,NORMAL,5
INV000381,S001,P006,Tomatoes,RAW_MATERIAL,2024-10-31,239,kg,69,372,5.8,NORMAL,4
INV000382,S001,P007,Cheese Slices,RAW_MATERIAL,2024-10-31,153,units,68,367,3.8,NORMAL,0.3
INV000383,S001,P008,Soft Drink Syrup,RAW_MATERIAL,2024-10-31,234,liters,71,383,5.5,NORMAL,25
INV000384,S001,P009,Cooking Oil,RAW_MATERIAL,2024-10-31,427,liters,122,662,5.8,NORMAL,18
INV000385,S001,P010,Ice Cream Mix,RAW_MATERIAL,2024-10-31,247,liters,106,572,3.9,NORMAL,20
INV000386,S001,P011,Packaging Boxes,PACKAGING,2024-10-31,281,units,88,479,5.3,NORMAL,0.8
INV000387,S001,P012,Paper Cups,PACKAGING,2024-10-31,244,units,84,457,4.8,NORMAL,0.15
INV000388,S001,P013,Plastic Cutlery Sets,PACKAGING,2024-10-31,315,units,113,610,4.6,NORMAL,0.1
INV000389,S001,P014,Napkins,PACKAGING,2024-10-31,189,packs,55,297,5.7,NORMAL,2.5
INV000390,S001,P015,Ketchup Sachets,CONDIMENTS,2024-10-31,276,units,91,492,5.0,NORMAL,0.05
INV000391,S002,P001,Beef Burger Patty,RAW_MATERIAL,2024-10-31,149,kg,53,351,4.7,NORMAL,15
INV000392,S002,P002,Chicken Breast,RAW_MATERIAL,2024-10-31,453,kg,123,815,6.1,NORMAL,12
INV000393,S002,P003,Burger Buns,RAW_MATERIAL,2024-10-31,230,units,52,346,7.3,NORMAL,0.5
INV000394,S002,P004,French Fries,RAW_MATERIAL,2024-10-31,307,kg,84,556,6.1,NORMAL,8
INV000395,S002,P005,Lettuce,RAW_MATERIAL,2024-10-31,250,kg,72,476,5.8,NORMAL,5
INV000396,S002,P006,Tomatoes,RAW_MATERIAL,2024-10-31,452,kg,106,702,7.1,NORMAL,4
INV000397,S002,P007,Cheese Slices,RAW_MATERIAL,2024-10-31,320,units,73,481,7.3,NORMAL,0.3
INV000398,S002,P008,Soft Drink Syrup,RAW_MATERIAL,2024-10-31,397,liters,105,697,6.3,NORMAL,25
INV000399,S002,P009,Cooking Oil,RAW_MATERIAL,2024-10-31,489,liters,112,744,7.2,NORMAL,18
INV000400,S002,P010,Ice Cream Mix,RAW_MATERIAL,2024-10-31,357,liters,110,726,5.4,NORMAL,20
INV000401,S002,P011,Packaging Boxes,PACKAGING,2024-10-31,296,units,92,610,5.3,NORMAL,0.8
INV000402,S002,P012,Paper Cups,PACKAGING,2024-10-31,262,units,63,417,6.9,NORMAL,0.15
INV000403,S002,P013,Plastic Cutlery Sets,PACKAGING,2024-10-31,309,units,92,607,5.6,NORMAL,0.1
INV000404,S002,P014,Napkins,PACKAGING,2024-10-31,356,packs,113,747,5.2,NORMAL,2.5
INV000405,S002,P015,Ketchup Sachets,CONDIMENTS,2024-10-31,412,units,101,668,6.8,NORMAL,0.05
INV000406,S003,P001,Beef Burger Patty,RAW_MATERIAL,2024-10-31,236,kg,120,577,3.3,NORMAL,15
INV000407,S003,P002,Chicken Breast,RAW_MATERIAL,2024-10-31,142,kg,61,294,3.9,NORMAL,12
INV000408,S003,P003,Burger Buns,RAW_MATERIAL,2024-10-31,188,units,91,438,3.4,NORMAL,0.5
INV000409,S003,P004,French Fries,RAW_MATERIAL,2024-10-31,307,kg,101,487,5.0,NORMAL,8
INV000410,S003,P005,Lettuce,RAW_MATERIAL,2024-10-31,138,kg,50,240,4.6,NORMAL,5
INV000411,S003,P006,Tomatoes,RAW_MATERIAL,2024-10-31,299,kg,119,572,4.2,NORMAL,4
INV000412,S003,P007,Cheese Slices,RAW_MATERIAL,2024-10-31,122,units,56,272,3.6,NORMAL,0.3
INV000413,S003,P008,Soft Drink Syrup,RAW_MATERIAL,2024-10-31,261,liters,96,462,4.5,NORMAL,25
INV000414,S003,P009,Cooking Oil,RAW_MATERIAL,2024-10-31,309,liters,113,546,4.5,NORMAL,18
INV000415,S003,P010,Ice Cream Mix,RAW_MATERIAL,2024-10-31,123,liters,56,271,3.6,NORMAL,20
INV000416,S003,P011,Packaging Boxes,PACKAGING,2024-10-31,251,units,120,577,3.5,NORMAL,0.8
INV000417,S003,P012,Paper Cups,PACKAGING,2024-10-31,215,units,86,416,4.1,NORMAL,0.15
INV000418,S003,P013,Plastic Cutlery Sets,PACKAGING,2024-10-31,232,units,112,537,3.5,NORMAL,0.1
INV000419,S003,P014,Napkins,PACKAGING,2024-10-31,227,packs,80,386,4.7,NORMAL,2.5
INV000420,S003,P015,Ketchup Sachets,CONDIMENTS,2024-10-31,235,units,89,430,4.4,NORMAL,0.05
INV000421,S004,P001,Beef Burger Patty,RAW_MATERIAL,2024-10-31,367,kg,120,723,5.1,NORMAL,15
INV000422,S004,P002,Chicken Breast,RAW_MATERIAL,2024-10-31,314,kg,78,472,6.6,NORMAL,12
INV000423,S004,P003,Burger Buns,RAW_MATERIAL,2024-10-31,202,units,64,387,5.2,NORMAL,0.5
INV000424,S004,P004,French Fries,RAW_MATERIAL,2024-10-31,223,kg,65,390,5.7,NORMAL,8
INV000425,S004,P005,Lettuce,RAW_MATERIAL,2024-10-31,222,kg,69,417,5.3,NORMAL,5
INV000426,S004,P006,Tomatoes,RAW_MATERIAL,2024-10-31,280,kg,87,523,5.3,NORMAL,4
INV000427,S004,P007,Cheese Slices,RAW_MATERIAL,2024-10-31,259,units,84,508,5.1,NORMAL,0.3
INV000428,S004,P008,Soft Drink Syrup,RAW_MATERIAL,2024-10-31,443,liters,111,670,6.6,NORMAL,25
INV000429,S004,P009,Cooking Oil,RAW_MATERIAL,2024-10-31,253,liters,81,486,5.2,NORMAL,18
INV000430,S004,P010,Ice Cream Mix,RAW_MATERIAL,2024-10-31,206,liters,68,411,5.0,NORMAL,20
INV000431,S004,P011,Packaging Boxes,PACKAGING,2024-10-31,413,units,115,690,6.0,NORMAL,0.8
INV000432,S004,P012,Paper Cups,PACKAGING,2024-10-31,254,units,67,403,6.3,NORMAL,0.15
INV000433,S004,P013,Plastic Cutlery Sets,PACKAGING,2024-10-31,309,units,85,511,6.0,NORMAL,0.1
INV000434,S004,P014,Napkins,PACKAGING,2024-10-31,303,packs,103,618,4.9,NORMAL,2.5
INV000435,S004,P015,Ketchup Sachets,CONDIMENTS,2024-10-31,324,units,114,688,4.7,NORMAL,0.05
INV000436,S005,P001,Beef Burger Patty,RAW_MATERIAL,2024-10-31,172,kg,50,361,5.7,NORMAL,15
INV000437,S005,P002,Chicken Breast,RAW_MATERIAL,2024-10-31,394,kg,88,633,7.5,NORMAL,12
INV000438,S005,P003,Burger Buns,RAW_MATERIAL,2024-10-31,594,units,124,892,8.0,NORMAL,0.5
INV000439,S005,P004,French Fries,RAW_MATERIAL,2024-10-31,510,kg,112,810,7.6,NORMAL,8
INV000440,S005,P005,Lettuce,RAW_MATERIAL,2024-10-31,418,kg,107,770,6.5,NORMAL,5
INV000441,S005,P006,Tomatoes,RAW_MATERIAL,2024-10-31,330,kg,94,676,5.9,NORMAL,4
INV000442,S005,P007,Cheese Slices,RAW_MATERIAL,2024-10-31,430,units,119,860,6.0,NORMAL,0.3
INV000443,S005,P008,Soft Drink Syrup,RAW_MATERIAL,2024-10-31,414,liters,91,655,7.6,NORMAL,25
INV000444,S005,P009,Cooking Oil,RAW_MATERIAL,2024-10-31,320,liters,80,579,6.6,NORMAL,18
INV000445,S005,P010,Ice Cream Mix,RAW_MATERIAL,2024-10-31,360,liters,79,574,7.5,NORMAL,20
INV000446,S005,P011,Packaging Boxes,PACKAGING,2024-10-31,303,units,102,738,4.9,NORMAL,0.8
INV000447,S005,P012,Paper Cups,PACKAGING,2024-10-31,467,units,110,795,7.0,NORMAL,0.15
INV000448,S005,P013,Plastic Cutlery Sets,PACKAGING,2024-10-31,357,units,98,711,6.0,NORMAL,0.1
INV000449,S005,P014,Napkins,PACKAGING,2024-10-31,265,packs,69,498,6.4,NORMAL,2.5
INV000450,S005,P015,Ketchup Sachets,CONDIMENTS,2024-10-31,170,units,54,392,5.2,NORMAL,0.05
INV000451,S001,P001,Beef Burger Patty,RAW_MATERIAL,2024-11-06,314,kg,92,498,5.7,NORMAL,15
INV000452,S001,P002,Chicken Breast,RAW_MATERIAL,2024-11-06,244,kg,106,573,3.8,NORMAL,12
INV000453,S001,P003,Burger Buns,RAW_MATERIAL,2024-11-06,236,units,108,584,3.6,NORMAL,0.5
INV000454,S001,P004,French Fries,RAW_MATERIAL,2024-11-06,187,kg,68,368,4.6,NORMAL,8
INV000455,S001,P005,Lettuce,RAW_MATERIAL,2024-11-06,158,kg,69,376,3.8,NORMAL,5
INV000456,S001,P006,Tomatoes,RAW_MATERIAL,2024-11-06,221,kg,83,452,4.4,NORMAL,4
INV000457,S001,P007,Cheese Slices,RAW_MATERIAL,2024-11-06,311,units,100,544,5.1,NORMAL,0.3
INV000458,S001,P008,Soft Drink Syrup,RAW_MATERIAL,2024-11-06,311,liters,92,496,5.6,NORMAL,25
INV000459,S001,P009,Cooking Oil,RAW_MATERIAL,2024-11-06,320,liters,118,638,4.5,NORMAL,18
INV000460,S001,P010,Ice Cream Mix,RAW_MATERIAL,2024-11-06,277,liters,90,488,5.1,NORMAL,20
INV000461,S001,P011,Packaging Boxes,PACKAGING,2024-11-06,383,units,112,606,5.7,NORMAL,0.8
INV000462,S001,P012,Paper Cups,PACKAGING,2024-11-06,166,units,54,294,5.1,NORMAL,0.15
INV000463,S001,P013,Plastic Cutlery Sets,PACKAGING,2024-11-06,245,units,80,432,5.1,NORMAL,0.1
INV000464,S001,P014,Napkins,PACKAGING,2024-11-06,311,packs,86,468,6.0,NORMAL,2.5
INV000465,S001,P015,Ketchup Sachets,CONDIMENTS,2024-11-06,171,units,61,332,4.6,NORMAL,0.05
INV000466,S002,P001,Beef Burger Patty,RAW_MATERIAL,2024-11-06,248,kg,62,412,6.6,NORMAL,15
INV000467,S002,P002,Chicken Breast,RAW_MATERIAL,2024-11-06,214,kg,62,414,5.7,NORMAL,12
INV000468,S002,P003,Burger Buns,RAW_MATERIAL,2024-11-06,373,units,88,582,7.0,NORMAL,0.5
INV000469,S002,P004,French Fries,RAW_MATERIAL,2024-11-06,179,kg,55,367,5.4,NORMAL,8
INV000470,S002,P005,Lettuce,RAW_MATERIAL,2024-11-06,179,kg,57,376,5.2,NORMAL,5
INV000471,S002,P006,Tomatoes,RAW_MATERIAL,2024-11-06,332,kg,97,645,5.7,NORMAL,4
INV000472,S002,P007,Cheese Slices,RAW_MATERIAL,2024-11-06,290,units,81,536,5.9,NORMAL,0.3
INV000473,S002,P008,Soft Drink Syrup,RAW_MATERIAL,2024-11-06,469,liters,122,806,6.4,NORMAL,25
INV000474,S002,P009,Cooking Oil,RAW_MATERIAL,2024-11-06,214,liters,73,481,4.9,NORMAL,18
INV000475,S002,P010,Ice Cream Mix,RAW_MATERIAL,2024-11-06,222,liters,60,396,6.2,NORMAL,20
INV000476,S002,P011,Packaging Boxes,PACKAGING,2024-11-06,368,units,98,651,6.2,NORMAL,0.8
INV000477,S002,P012,Paper Cups,PACKAGING,2024-11-06,283,units,80,532,5.8,NORMAL,0.15
INV000478,S002,P013,Plastic Cutlery Sets,PACKAGING,2024-11-06,360,units,124,821,4.8,NORMAL,0.1
INV000479,S002,P014,Napkins,PACKAGING,2024-11-06,410,packs,109,719,6.3,NORMAL,2.5
INV000480,S002,P015,Ketchup Sachets,CONDIMENTS,2024-11-06,335,units,108,717,5.1,NORMAL,0.05
INV000481,S003,P001,Beef Burger Patty,RAW_MATERIAL,2024-11-06,156,kg,51,244,5.1,NORMAL,15
INV000482,S003,P002,Chicken Breast,RAW_MATERIAL,2024-11-06,336,kg,109,525,5.1,NORMAL,12
INV000483,S003,P003,Burger Buns,RAW_MATERIAL,2024-11-06,254,units,119,574,3.5,NORMAL,0.5
INV000484,S003,P004,French Fries,RAW_MATERIAL,2024-11-06,333,kg,106,511,5.2,NORMAL,8
INV000485,S003,P005,Lettuce,RAW_MATERIAL,2024-11-06,287,kg,125,600,3.8,NORMAL,5
INV000486,S003,P006,Tomatoes,RAW_MATERIAL,2024-11-06,292,kg,104,500,4.7,NORMAL,4
INV000487,S003,P007,Cheese Slices,RAW_MATERIAL,2024-11-06,324,units,108,519,5.0,NORMAL,0.3
INV000488,S003,P008,Soft Drink Syrup,RAW_MATERIAL,2024-11-06,240,liters,75,361,5.3,NORMAL,25
INV000489,S003,P009,Cooking Oil,RAW_MATERIAL,2024-11-06,229,liters,111,536,3.4,NORMAL,18
INV000490,S003,P010,Ice Cream Mix,RAW_MATERIAL,2024-11-06,261,liters,98,474,4.4,NORMAL,20
INV000491,S003,P011,Packaging Boxes,PACKAGING,2024-11-06,283,units,123,592,3.8,NORMAL,0.8
INV000492,S003,P012,Paper Cups,PACKAGING,2024-11-06,170,units,87,421,3.2,NORMAL,0.15
INV000493,S003,P013,Plastic Cutlery Sets,PACKAGING,2024-11-06,228,units,100,482,3.8,NORMAL,0.1
INV000494,S003,P014,Napkins,PACKAGING,2024-11-06,370,packs,122,586,5.0,NORMAL,2.5
INV000495,S003,P015,Ketchup Sachets,CONDIMENTS,2024-11-06,173,units,56,270,5.1,NORMAL,0.05
INV000496,S004,P001,Beef Burger Patty,RAW_MATERIAL,2024-11-06,423,kg,113,681,6.2,NORMAL,15
INV000497,S004,P002,Chicken Breast,RAW_MATERIAL,2024-11-06,314,kg,86,519,6.1,NORMAL,12
INV000498,S004,P003,Burger Buns,RAW_MATERIAL,2024-11-06,267,units,79,475,5.6,NORMAL,0.5
INV000499,S004,P004,French Fries,RAW_MATERIAL,2024-11-06,261,kg,95,570,4.6,NORMAL,8
INV000500,S004,P005,Lettuce,RAW_MATERIAL,2024-11-06,251,kg,74,445,5.6,NORMAL,5
INV000501,S004,P006,Tomatoes,RAW_MATERIAL,2024-11-06,229,kg,67,405,5.7,NORMAL,4
INV000502,S004,P007,Cheese Slices,RAW_MATERIAL,2024-11-06,159,units,55,330,4.8,NORMAL,0.3
INV000503,S004,P008,Soft Drink Syrup,RAW_MATERIAL,2024-11-06,260,liters,106,637,4.1,NORMAL,25
INV000504,S004,P009,Cooking Oil,RAW_MATERIAL,2024-11-06,344,liters,96,579,5.9,NORMAL,18
INV000505,S004,P010,Ice Cream Mix,RAW_MATERIAL,2024-11-06,237,liters,61,369,6.4,NORMAL,20
INV000506,S004,P011,Packaging Boxes,PACKAGING,2024-11-06,329,units,91,550,6.0,NORMAL,0.8
INV000507,S004,P012,Paper Cups,PACKAGING,2024-11-06,196,units,72,433,4.5,NORMAL,0.15
INV000508,S004,P013,Plastic Cutlery Sets,PACKAGING,2024-11-06,452,units,119,714,6.3,NORMAL,0.1
INV000509,S004,P014,Napkins,PACKAGING,2024-11-06,314,packs,96,580,5.4,NORMAL,2.5
INV000510,S004,P015,Ketchup Sachets,CONDIMENTS,2024-11-06,316,units,84,508,6.2,NORMAL,0.05
INV000511,S005,P001,Beef Burger Patty,RAW_MATERIAL,2024-11-06,383,kg,82,595,7.7,NORMAL,15
INV000512,S005,P002,Chicken Breast,RAW_MATERIAL,2024-11-06,528,kg,111,802,7.9,NORMAL,12
INV000513,S005,P003,Burger Buns,RAW_MATERIAL,2024-11-06,378,units,87,631,7.2,NORMAL,0.5
INV000514,S005,P004,French Fries,RAW_MATERIAL,2024-11-06,412,kg,93,671,7.4,NORMAL,8
INV000515,S005,P005,Lettuce,RAW_MATERIAL,2024-11-06,518,kg,109,790,7.9,NORMAL,5
INV000516,S005,P006,Tomatoes,RAW_MATERIAL,2024-11-06,294,kg,68,489,7.2,NORMAL,4
INV000517,S005,P007,Cheese Slices,RAW_MATERIAL,2024-11-06,356,units,78,567,7.5,NORMAL,0.3
INV000518,S005,P008,Soft Drink Syrup,RAW_MATERIAL,2024-11-06,477,liters,100,725,7.9,NORMAL,25
INV000519,S005,P009,Cooking Oil,RAW_MATERIAL,2024-11-06,434,liters,121,873,6.0,NORMAL,18
INV000520,S005,P010,Ice Cream Mix,RAW_MATERIAL,2024-11-06,292,liters,100,723,4.8,NORMAL,20
INV000521,S005,P011,Packaging Boxes,PACKAGING,2024-11-06,369,units,118,853,5.2,NORMAL,0.8
INV000522,S005,P012,Paper Cups,PACKAGING,2024-11-06,404,units,97,698,6.9,NORMAL,0.15
INV000523,S005,P013,Plastic Cutlery Sets,PACKAGING,2024-11-06,334,units,83,601,6.7,NORMAL,0.1
INV000524,S005,P014,Napkins,PACKAGING,2024-11-06,301,packs,97,702,5.1,NORMAL,2.5
INV000525,S005,P015,Ketchup Sachets,CONDIMENTS,2024-11-06,301,units,79,574,6.3,NORMAL,0.05
INV000526,S001,P001,Beef Burger Patty,RAW_MATERIAL,2024-11-12,320,kg,121,657,4.4,NORMAL,15
INV000527,S001,P002,Chicken Breast,RAW_MATERIAL,2024-11-12,241,kg,78,422,5.1,NORMAL,12
INV000528,S001,P003,Burger Buns,RAW_MATERIAL,2024-11-12,379,units,109,589,5.8,NORMAL,0.5
INV000529,S001,P004,French Fries,RAW_MATERIAL,2024-11-12,273,kg,88,477,5.1,NORMAL,8
INV000530,S001,P005,Lettuce,RAW_MATERIAL,2024-11-12,152,kg,64,349,3.9,NORMAL,5
INV000531,S001,P006,Tomatoes,RAW_MATERIAL,2024-11-12,142,kg,54,295,4.3,NORMAL,4
INV000532,S001,P007,Cheese Slices,RAW_MATERIAL,2024-11-12,262,units,113,610,3.9,NORMAL,0.3
INV000533,S001,P008,Soft Drink Syrup,RAW_MATERIAL,2024-11-12,275,liters,80,432,5.7,NORMAL,25
INV000534,S001,P009,Cooking Oil,RAW_MATERIAL,2024-11-12,182,liters,67,363,4.5,NORMAL,18
INV000535,S001,P010,Ice Cream Mix,RAW_MATERIAL,2024-11-12,303,liters,97,525,5.2,NORMAL,20
INV000536,S001,P011,Packaging Boxes,PACKAGING,2024-11-12,328,units,119,642,4.6,NORMAL,0.8
INV000537,S001,P012,Paper Cups,PACKAGING,2024-11-12,239,units,69,376,5.7,NORMAL,0.15
INV000538,S001,P013,Plastic Cutlery Sets,PACKAGING,2024-11-12,210,units,62,337,5.6,NORMAL,0.1
INV000539,S001,P014,Napkins,PACKAGING,2024-11-12,358,packs,102,550,5.8,NORMAL,2.5
INV000540,S001,P015,Ketchup Sachets,CONDIMENTS,2024-11-12,189,units,85,463,3.7,NORMAL,0.05
INV000541,S002,P001,Beef Burger Patty,RAW_MATERIAL,2024-11-12,293,kg,97,641,5.0,NORMAL,15
INV000542,S002,P002,Chicken Breast,RAW_MATERIAL,2024-11-12,460,kg,106,704,7.2,NORMAL,12
INV000543,S002,P003,Burger Buns,RAW_MATERIAL,2024-11-12,270,units,96,635,4.7,NORMAL,0.5
INV000544,S002,P004,French Fries,RAW_MATERIAL,2024-11-12,349,kg,97,640,6.0,NORMAL,8
INV000545,S002,P005,Lettuce,RAW_MATERIAL,2024-11-12,262,kg,95,631,4.6,NORMAL,5
INV000546,S002,P006,Tomatoes,RAW_MATERIAL,2024-11-12,253,kg,85,562,4.9,NORMAL,4
INV000547,S002,P007,Cheese Slices,RAW_MATERIAL,2024-11-12,282,units,65,432,7.2,NORMAL,0.3
INV000548,S002,P008,Soft Drink Syrup,RAW_MATERIAL,2024-11-12,302,liters,108,712,4.7,NORMAL,25
INV000549,S002,P009,Cooking Oil,RAW_MATERIAL,2024-11-12,290,liters,77,508,6.3,NORMAL,18
INV000550,S002,P010,Ice Cream Mix,RAW_MATERIAL,2024-11-12,143,liters,52,346,4.5,NORMAL,20
INV000551,S002,P011,Packaging Boxes,PACKAGING,2024-11-12,283,units,92,610,5.1,NORMAL,0.8
INV000552,S002,P012,Paper Cups,PACKAGING,2024-11-12,265,units,66,435,6.7,NORMAL,0.15
INV000553,S002,P013,Plastic Cutlery Sets,PACKAGING,2024-11-12,210,units,76,503,4.6,NORMAL,0.1
INV000554,S002,P014,Napkins,PACKAGING,2024-11-12,362,packs,120,796,5.0,NORMAL,2.5
INV000555,S002,P015,Ketchup Sachets,CONDIMENTS,2024-11-12,315,units,77,511,6.8,NORMAL,0.05
INV000556,S003,P001,Beef Burger Patty,RAW_MATERIAL,2024-11-12,186,kg,79,382,3.9,NORMAL,15
INV000557,S003,P002,Chicken Breast,RAW_MATERIAL,2024-11-12,201,kg,68,330,4.9,NORMAL,12
INV000558,S003,P003,Burger Buns,RAW_MATERIAL,2024-11-12,114,units,50,241,3.8,NORMAL,0.5
INV000559,S003,P004,French Fries,RAW_MATERIAL,2024-11-12,218,kg,68,328,5.3,NORMAL,8
INV000560,S003,P005,Lettuce,RAW_MATERIAL,2024-11-12,266,kg,119,571,3.7,NORMAL,5
INV000561,S003,P006,Tomatoes,RAW_MATERIAL,2024-11-12,148,kg,72,346,3.4,NORMAL,4
INV000562,S003,P007,Cheese Slices,RAW_MATERIAL,2024-11-12,111,units,53,255,3.5,NORMAL,0.3
INV000563,S003,P008,Soft Drink Syrup,RAW_MATERIAL,2024-11-12,280,liters,95,459,4.9,NORMAL,25
INV000564,S003,P009,Cooking Oil,RAW_MATERIAL,2024-11-12,214,liters,80,385,4.4,NORMAL,18
INV000565,S003,P010,Ice Cream Mix,RAW_MATERIAL,2024-11-12,111,liters,52,249,3.6,NORMAL,20
INV000566,S003,P011,Packaging Boxes,PACKAGING,2024-11-12,117,units,56,271,3.5,NORMAL,0.8
INV000567,S003,P012,Paper Cups,PACKAGING,2024-11-12,269,units,103,498,4.3,NORMAL,0.15
INV000568,S003,P013,Plastic Cutlery Sets,PACKAGING,2024-11-12,146,units,58,278,4.2,NORMAL,0.1
INV000569,S003,P014,Napkins,PACKAGING,2024-11-12,248,packs,96,462,4.3,NORMAL,2.5
INV000570,S003,P015,Ketchup Sachets,CONDIMENTS,2024-11-12,159,units,63,306,4.2,NORMAL,0.05
INV000571,S004,P001,Beef Burger Patty,RAW_MATERIAL,2024-11-12,306,kg,78,469,6.5,NORMAL,15
INV000572,S004,P002,Chicken Breast,RAW_MATERIAL,2024-11-12,197,kg,55,333,5.9,NORMAL,12
INV000573,S004,P003,Burger Buns,RAW_MATERIAL,2024-11-12,335,units,116,699,4.8,NORMAL,0.5
INV000574,S004,P004,French Fries,RAW_MATERIAL,2024-11-12,134,kg,53,322,4.2,NORMAL,8
INV000575,S004,P005,Lettuce,RAW_MATERIAL,2024-11-12,417,kg,111,667,6.2,NORMAL,5
INV000576,S004,P006,Tomatoes,RAW_MATERIAL,2024-11-12,365,kg,104,627,5.8,NORMAL,4
INV000577,S004,P007,Cheese Slices,RAW_MATERIAL,2024-11-12,399,units,112,676,5.9,NORMAL,0.3
INV000578,S004,P008,Soft Drink Syrup,RAW_MATERIAL,2024-11-12,268,liters,106,640,4.2,NORMAL,25
INV000579,S004,P009,Cooking Oil,RAW_MATERIAL,2024-11-12,175,liters,60,361,4.8,NORMAL,18
INV000580,S004,P010,Ice Cream Mix,RAW_MATERIAL,2024-11-12,172,liters,68,412,4.2,NORMAL,20
INV000581,S004,P011,Packaging Boxes,PACKAGING,2024-11-12,288,units,85,510,5.6,NORMAL,0.8
INV000582,S004,P012,Paper Cups,PACKAGING,2024-11-12,408,units,124,748,5.5,NORMAL,0.15
INV000583,S004,P013,Plastic Cutlery Sets,PACKAGING,2024-11-12,275,units,91,549,5.0,NORMAL,0.1
INV000584,S004,P014,Napkins,PACKAGING,2024-11-12,338,packs,117,706,4.8,NORMAL,2.5
INV000585,S004,P015,Ketchup Sachets,CONDIMENTS,2024-11-12,385,units,114,687,5.6,NORMAL,0.05
INV000586,S005,P001,Beef Burger Patty,RAW_MATERIAL,2024-11-12,275,kg,62,450,7.3,NORMAL,15
INV000587,S005,P002,Chicken Breast,RAW_MATERIAL,2024-11-12,291,kg,64,464,7.5,NORMAL,12
INV000588,S005,P003,Burger Buns,RAW_MATERIAL,2024-11-12,513,units,120,867,7.1,NORMAL,0.5
INV000589,S005,P004,French Fries,RAW_MATERIAL,2024-11-12,287,kg,77,558,6.2,NORMAL,8
INV000590,S005,P005,Lettuce,RAW_MATERIAL,2024-11-12,290,kg,79,568,6.1,NORMAL,5
INV000591,S005,P006,Tomatoes,RAW_MATERIAL,2024-11-12,393,kg,108,777,6.1,NORMAL,4
INV000592,S005,P007,Cheese Slices,RAW_MATERIAL,2024-11-12,215,units,62,446,5.8,NORMAL,0.3
INV000593,S005,P008,Soft Drink Syrup,RAW_MATERIAL,2024-11-12,374,liters,90,648,6.9,NORMAL,25
INV000594,S005,P009,Cooking Oil,RAW_MATERIAL,2024-11-12,460,liters,97,703,7.8,NORMAL,18
INV000595,S005,P010,Ice Cream Mix,RAW_MATERIAL,2024-11-12,332,liters,110,795,5.0,NORMAL,20
INV000596,S005,P011,Packaging Boxes,PACKAGING,2024-11-12,185,units,60,437,5.1,NORMAL,0.8
INV000597,S005,P012,Paper Cups,PACKAGING,2024-11-12,268,units,62,448,7.2,NORMAL,0.15
INV000598,S005,P013,Plastic Cutlery Sets,PACKAGING,2024-11-12,432,units,97,702,7.4,NORMAL,0.1
INV000599,S005,P014,Napkins,PACKAGING,2024-11-12,362,packs,121,871,5.0,NORMAL,2.5
INV000600,S005,P015,Ketchup Sachets,CONDIMENTS,2024-11-12,481,units,121,876,6.6,NORMAL,0.05
INV000601,S001,P001,Beef Burger Patty,RAW_MATERIAL,2024-11-18,180,kg,65,353,4.6,NORMAL,15
INV000602,S001,P002,Chicken Breast,RAW_MATERIAL,2024-11-18,354,kg,104,561,5.7,NORMAL,12
INV000603,S001,P003,Burger Buns,RAW_MATERIAL,2024-11-18,200,units,56,305,5.9,NORMAL,0.5
INV000604,S001,P004,French Fries,RAW_MATERIAL,2024-11-18,239,kg,89,484,4.4,NORMAL,8
INV000605,S001,P005,Lettuce,RAW_MATERIAL,2024-11-18,357,kg,123,668,4.8,NORMAL,5
INV000606,S001,P006,Tomatoes,RAW_MATERIAL,2024-11-18,216,kg,69,376,5.2,NORMAL,4
INV000607,S001,P007,Cheese Slices,RAW_MATERIAL,2024-11-18,265,units,78,423,5.6,NORMAL,0.3
INV000608,S001,P008,Soft Drink Syrup,RAW_MATERIAL,2024-11-18,320,liters,94,511,5.6,NORMAL,25
INV000609,S001,P009,Cooking Oil,RAW_MATERIAL,2024-11-18,225,liters,97,523,3.9,NORMAL,18
INV000610,S001,P010,Ice Cream Mix,RAW_MATERIAL,2024-11-18,255,liters,85,461,5.0,NORMAL,20
INV000611,S001,P011,Packaging Boxes,PACKAGING,2024-11-18,353,units,104,565,5.6,NORMAL,0.8
INV000612,S001,P012,Paper Cups,PACKAGING,2024-11-18,266,units,121,654,3.7,NORMAL,0.15
INV000613,S001,P013,Plastic Cutlery Sets,PACKAGING,2024-11-18,184,units,84,453,3.7,NORMAL,0.1
INV000614,S001,P014,Napkins,PACKAGING,2024-11-18,268,packs,84,457,5.3,NORMAL,2.5
INV000615,S001,P015,Ketchup Sachets,CONDIMENTS,2024-11-18,312,units,89,483,5.8,NORMAL,0.05
INV000616,S002,P001,Beef Burger Patty,RAW_MATERIAL,2024-11-18,251,kg,94,625,4.4,NORMAL,15
INV000617,S002,P002,Chicken Breast,RAW_MATERIAL,2024-11-18,248,kg,68,450,6.1,NORMAL,12
INV000618,S002,P003,Burger Buns,RAW_MATERIAL,2024-11-18,279,units,101,668,4.6,NORMAL,0.5
INV000619,S002,P004,French Fries,RAW_MATERIAL,2024-11-18,150,kg,53,354,4.7,NORMAL,8
INV000620,S002,P005,Lettuce,RAW_MATERIAL,2024-11-18,355,kg,117,777,5.0,NORMAL,5
INV000621,S002,P006,Tomatoes,RAW_MATERIAL,2024-11-18,355,kg,103,683,5.7,NORMAL,4
INV000622,S002,P007,Cheese Slices,RAW_MATERIAL,2024-11-18,230,units,70,462,5.5,NORMAL,0.3
INV000623,S002,P008,Soft Drink Syrup,RAW_MATERIAL,2024-11-18,366,liters,91,603,6.7,NORMAL,25
INV000624,S002,P009,Cooking Oil,RAW_MATERIAL,2024-11-18,451,liters,122,808,6.1,NORMAL,18
INV000625,S002,P010,Ice Cream Mix,RAW_MATERIAL,2024-11-18,164,liters,56,372,4.8,NORMAL,20
INV000626,S002,P011,Packaging Boxes,PACKAGING,2024-11-18,215,units,56,371,6.4,NORMAL,0.8
INV000627,S002,P012,Paper Cups,PACKAGING,2024-11-18,289,units,84,559,5.7,NORMAL,0.15
INV000628,S002,P013,Plastic Cutlery Sets,PACKAGING,2024-11-18,364,units,104,688,5.8,NORMAL,0.1
INV000629,S002,P014,Napkins,PACKAGING,2024-11-18,358,packs,106,702,5.6,NORMAL,2.5
INV000630,S002,P015,Ketchup Sachets,CONDIMENTS,2024-11-18,307,units,77,511,6.6,NORMAL,0.05
INV000631,S003,P001,Beef Burger Patty,RAW_MATERIAL,2024-11-18,152,kg,64,309,3.9,NORMAL,15
INV000632,S003,P002,Chicken Breast,RAW_MATERIAL,2024-11-18,146,kg,64,307,3.8,NORMAL,12
INV000633,S003,P003,Burger Buns,RAW_MATERIAL,2024-11-18,291,units,112,538,4.3,NORMAL,0.5
INV000634,S003,P004,French Fries,RAW_MATERIAL,2024-11-18,176,kg,89,428,3.3,NORMAL,8
INV000635,S003,P005,Lettuce,RAW_MATERIAL,2024-11-18,319,kg,100,482,5.3,NORMAL,5
INV000636,S003,P006,Tomatoes,RAW_MATERIAL,2024-11-18,110,kg,57,273,3.2,NORMAL,4
INV000637,S003,P007,Cheese Slices,RAW_MATERIAL,2024-11-18,277,units,88,424,5.2,NORMAL,0.3
INV000638,S003,P008,Soft Drink Syrup,RAW_MATERIAL,2024-11-18,195,liters,67,324,4.8,NORMAL,25
INV000639,S003,P009,Cooking Oil,RAW_MATERIAL,2024-11-18,203,liters,87,417,3.9,NORMAL,18
INV000640,S003,P010,Ice Cream Mix,RAW_MATERIAL,2024-11-18,129,liters,50,243,4.2,NORMAL,20
INV000641,S003,P011,Packaging Boxes,PACKAGING,2024-11-18,225,units,105,504,3.6,NORMAL,0.8
INV000642,S003,P012,Paper Cups,PACKAGING,2024-11-18,256,units,98,472,4.3,NORMAL,0.15
INV000643,S003,P013,Plastic Cutlery Sets,PACKAGING,2024-11-18,202,units,79,380,4.2,NORMAL,0.1
INV000644,S003,P014,Napkins,PACKAGING,2024-11-18,191,packs,95,457,3.3,NORMAL,2.5
INV000645,S003,P015,Ketchup Sachets,CONDIMENTS,2024-11-18,136,units,55,265,4.1,NORMAL,0.05
INV000646,S004,P001,Beef Burger Patty,RAW_MATERIAL,2024-11-18,421,kg,108,652,6.5,NORMAL,15
INV000647,S004,P002,Chicken Breast,RAW_MATERIAL,2024-11-18,298,kg,90,540,5.5,NORMAL,12
INV000648,S004,P003,Burger Buns,RAW_MATERIAL,2024-11-18,375,units,123,739,5.1,NORMAL,0.5
INV000649,S004,P004,French Fries,RAW_MATERIAL,2024-11-18,295,kg,103,619,4.8,NORMAL,8
INV000650,S004,P005,Lettuce,RAW_MATERIAL,2024-11-18,247,kg,101,610,4.0,NORMAL,5
INV000651,S004,P006,Tomatoes,RAW_MATERIAL,2024-11-18,244,kg,91,549,4.4,NORMAL,4
INV000652,S004,P007,Cheese Slices,RAW_MATERIAL,2024-11-18,405,units,108,652,6.2,NORMAL,0.3
INV000653,S004,P008,Soft Drink Syrup,RAW_MATERIAL,2024-11-18,244,liters,96,577,4.2,NORMAL,25
INV000654,S004,P009,Cooking Oil,RAW_MATERIAL,2024-11-18,177,liters,63,381,4.6,NORMAL,18
INV000655,S004,P010,Ice Cream Mix,RAW_MATERIAL,2024-11-18,327,liters,101,607,5.4,NORMAL,20
INV000656,S004,P011,Packaging Boxes,PACKAGING,2024-11-18,381,units,100,603,6.3,NORMAL,0.8
INV000657,S004,P012,Paper Cups,PACKAGING,2024-11-18,256,units,93,559,4.6,NORMAL,0.15
INV000658,S004,P013,Plastic Cutlery Sets,PACKAGING,2024-11-18,180,units,71,429,4.2,NORMAL,0.1
INV000659,S004,P014,Napkins,PACKAGING,2024-11-18,209,packs,64,387,5.4,NORMAL,2.5
INV000660,S004,P015,Ketchup Sachets,CONDIMENTS,2024-11-18,287,units,74,448,6.4,NORMAL,0.05
INV000661,S005,P001,Beef Burger Patty,RAW_MATERIAL,2024-11-18,335,kg,94,680,5.9,NORMAL,15
INV000662,S005,P002,Chicken Breast,RAW_MATERIAL,2024-11-18,229,kg,68,495,5.6,NORMAL,12
INV000663,S005,P003,Burger Buns,RAW_MATERIAL,2024-11-18,230,units,68,493,5.6,NORMAL,0.5
INV000664,S005,P004,French Fries,RAW_MATERIAL,2024-11-18,290,kg,72,518,6.7,NORMAL,8
INV000665,S005,P005,Lettuce,RAW_MATERIAL,2024-11-18,191,kg,59,428,5.4,NORMAL,5
INV000666,S005,P006,Tomatoes,RAW_MATERIAL,2024-11-18,426,kg,113,813,6.3,NORMAL,4
INV000667,S005,P007,Cheese Slices,RAW_MATERIAL,2024-11-18,529,units,122,878,7.2,NORMAL,0.3
INV000668,S005,P008,Soft Drink Syrup,RAW_MATERIAL,2024-11-18,449,liters,107,772,7.0,NORMAL,25
INV000669,S005,P009,Cooking Oil,RAW_MATERIAL,2024-11-18,503,liters,122,880,6.9,NORMAL,18
INV000670,S005,P010,Ice Cream Mix,RAW_MATERIAL,2024-11-18,414,liters,91,657,7.6,NORMAL,20
INV000671,S005,P011,Packaging Boxes,PACKAGING,2024-11-18,286,units,90,649,5.3,NORMAL,0.8
INV000672,S005,P012,Paper Cups,PACKAGING,2024-11-18,221,units,58,421,6.3,NORMAL,0.15
INV000673,S005,P013,Plastic Cutlery Sets,PACKAGING,2024-11-18,391,units,88,639,7.3,NORMAL,0.1
INV000674,S005,P014,Napkins,PACKAGING,2024-11-18,202,packs,57,410,5.9,NORMAL,2.5
INV000675,S005,P015,Ketchup Sachets,CONDIMENTS,2024-11-18,205,units,59,426,5.8,NORMAL,0.05
INV000676,S001,P001,Beef Burger Patty,RAW_MATERIAL,2024-11-24,238,kg,107,581,3.7,NORMAL,15
INV000677,S001,P002,Chicken Breast,RAW_MATERIAL,2024-11-24,325,kg,97,523,5.6,NORMAL,12
INV000678,S001,P003,Burger Buns,RAW_MATERIAL,2024-11-24,184,units,59,322,5.1,NORMAL,0.5
INV000679,S001,P004,French Fries,RAW_MATERIAL,2024-11-24,187,kg,61,332,5.1,NORMAL,8
INV000680,S001,P005,Lettuce,RAW_MATERIAL,2024-11-24,311,kg,114,619,4.5,NORMAL,5
INV000681,S001,P006,Tomatoes,RAW_MATERIAL,2024-11-24,367,kg,124,670,4.9,NORMAL,4
INV000682,S001,P007,Cheese Slices,RAW_MATERIAL,2024-11-24,155,units,55,298,4.7,NORMAL,0.3
INV000683,S001,P008,Soft Drink Syrup,RAW_MATERIAL,2024-11-24,381,liters,123,664,5.2,NORMAL,25
INV000684,S001,P009,Cooking Oil,RAW_MATERIAL,2024-11-24,275,liters,91,491,5.0,NORMAL,18
INV000685,S001,P010,Ice Cream Mix,RAW_MATERIAL,2024-11-24,271,liters,114,615,4.0,NORMAL,20
INV000686,S001,P011,Packaging Boxes,PACKAGING,2024-11-24,162,units,57,311,4.7,NORMAL,0.8
INV000687,S001,P012,Paper Cups,PACKAGING,2024-11-24,335,units,93,506,6.0,NORMAL,0.15
INV000688,S001,P013,Plastic Cutlery Sets,PACKAGING,2024-11-24,175,units,60,328,4.8,NORMAL,0.1
INV000689,S001,P014,Napkins,PACKAGING,2024-11-24,159,packs,72,388,3.7,NORMAL,2.5
INV000690,S001,P015,Ketchup Sachets,CONDIMENTS,2024-11-24,380,units,106,572,6.0,NORMAL,0.05
INV000691,S002,P001,Beef Burger Patty,RAW_MATERIAL,2024-11-24,416,kg,117,772,5.9,NORMAL,15
INV000692,S002,P002,Chicken Breast,RAW_MATERIAL,2024-11-24,230,kg,70,463,5.5,NORMAL,12
INV000693,S002,P003,Burger Buns,RAW_MATERIAL,2024-11-24,285,units,86,567,5.5,NORMAL,0.5
INV000694,S002,P004,French Fries,RAW_MATERIAL,2024-11-24,357,kg,93,615,6.4,NORMAL,8
INV000695,S002,P005,Lettuce,RAW_MATERIAL,2024-11-24,227,kg,56,372,6.7,NORMAL,5
INV000696,S002,P006,Tomatoes,RAW_MATERIAL,2024-11-24,255,kg,92,612,4.6,NORMAL,4
INV000697,S002,P007,Cheese Slices,RAW_MATERIAL,2024-11-24,224,units,62,409,6.0,NORMAL,0.3
INV000698,S002,P008,Soft Drink Syrup,RAW_MATERIAL,2024-11-24,311,liters,99,655,5.2,NORMAL,25
INV000699,S002,P009,Cooking Oil,RAW_MATERIAL,2024-11-24,222,liters,69,455,5.4,NORMAL,18
INV000700,S002,P010,Ice Cream Mix,RAW_MATERIAL,2024-11-24,474,liters,124,821,6.3,NORMAL,20
INV000701,S002,P011,Packaging Boxes,PACKAGING,2024-11-24,301,units,94,625,5.3,NORMAL,0.8
INV000702,S002,P012,Paper Cups,PACKAGING,2024-11-24,286,units,100,660,4.8,NORMAL,0.15
INV000703,S002,P013,Plastic Cutlery Sets,PACKAGING,2024-11-24,193,units,60,400,5.3,NORMAL,0.1
INV000704,S002,P014,Napkins,PACKAGING,2024-11-24,369,packs,98,646,6.3,NORMAL,2.5
INV000705,S002,P015,Ketchup Sachets,CONDIMENTS,2024-11-24,374,units,92,607,6.8,NORMAL,0.05
INV000706,S003,P001,Beef Burger Patty,RAW_MATERIAL,2024-11-24,239,kg,117,562,3.4,NORMAL,15
INV000707,S003,P002,Chicken Breast,RAW_MATERIAL,2024-11-24,267,kg,104,499,4.3,NORMAL,12
INV000708,S003,P003,Burger Buns,RAW_MATERIAL,2024-11-24,124,units,52,250,4.0,NORMAL,0.5
INV000709,S003,P004,French Fries,RAW_MATERIAL,2024-11-24,229,kg,73,350,5.2,NORMAL,8
INV000710,S003,P005,Lettuce,RAW_MATERIAL,2024-11-24,292,kg,93,448,5.2,NORMAL,5
INV000711,S003,P006,Tomatoes,RAW_MATERIAL,2024-11-24,242,kg,112,537,3.6,NORMAL,4
INV000712,S003,P007,Cheese Slices,RAW_MATERIAL,2024-11-24,142,units,67,324,3.5,NORMAL,0.3
INV000713,S003,P008,Soft Drink Syrup,RAW_MATERIAL,2024-11-24,263,liters,87,421,5.0,NORMAL,25
INV000714,S003,P009,Cooking Oil,RAW_MATERIAL,2024-11-24,161,liters,62,301,4.3,NORMAL,18
INV000715,S003,P010,Ice Cream Mix,RAW_MATERIAL,2024-11-24,355,liters,119,571,5.0,NORMAL,20
INV000716,S003,P011,Packaging Boxes,PACKAGING,2024-11-24,230,units,117,562,3.3,NORMAL,0.8
INV000717,S003,P012,Paper Cups,PACKAGING,2024-11-24,282,units,93,446,5.1,NORMAL,0.15
INV000718,S003,P013,Plastic Cutlery Sets,PACKAGING,2024-11-24,179,units,66,320,4.5,NORMAL,0.1
INV000719,S003,P014,Napkins,PACKAGING,2024-11-24,147,packs,69,333,3.5,NORMAL,2.5
INV000720,S003,P015,Ketchup Sachets,CONDIMENTS,2024-11-24,201,units,71,340,4.7,NORMAL,0.05
INV000721,S004,P001,Beef Burger Patty,RAW_MATERIAL,2024-11-24,169,kg,55,333,5.1,NORMAL,15
INV000722,S004,P002,Chicken Breast,RAW_MATERIAL,2024-11-24,317,kg,80,481,6.6,NORMAL,12
INV000723,S004,P003,Burger Buns,RAW_MATERIAL,2024-11-24,310,units,86,517,6.0,NORMAL,0.5
INV000724,S004,P004,French Fries,RAW_MATERIAL,2024-11-24,297,kg,107,643,4.6,NORMAL,8
INV000725,S004,P005,Lettuce,RAW_MATERIAL,2024-11-24,233,kg,80,483,4.8,NORMAL,5
INV000726,S004,P006,Tomatoes,RAW_MATERIAL,2024-11-24,423,kg,110,660,6.4,NORMAL,4
INV000727,S004,P007,Cheese Slices,RAW_MATERIAL,2024-11-24,223,units,74,448,5.0,NORMAL,0.3
INV000728,S004,P008,Soft Drink Syrup,RAW_MATERIAL,2024-11-24,488,liters,123,738,6.6,NORMAL,25
INV000729,S004,P009,Cooking Oil,RAW_MATERIAL,2024-11-24,395,liters,109,654,6.0,NORMAL,18
INV000730,S004,P010,Ice Cream Mix,RAW_MATERIAL,2024-11-24,316,liters,98,592,5.3,NORMAL,20
INV000731,S004,P011,Packaging Boxes,PACKAGING,2024-11-24,408,units,103,621,6.6,NORMAL,0.8
INV000732,S004,P012,Paper Cups,PACKAGING,2024-11-24,277,units,75,453,6.1,NORMAL,0.15
INV000733,S004,P013,Plastic Cutlery Sets,PACKAGING,2024-11-24,256,units,67,405,6.3,NORMAL,0.1
INV000734,S004,P014,Napkins,PACKAGING,2024-11-24,193,packs,56,339,5.7,NORMAL,2.5
INV000735,S004,P015,Ketchup Sachets,CONDIMENTS,2024-11-24,320,units,97,585,5.5,NORMAL,0.05
INV000736,S005,P001,Beef Burger Patty,RAW_MATERIAL,2024-11-24,267,kg,63,453,7.1,NORMAL,15
INV000737,S005,P002,Chicken Breast,RAW_MATERIAL,2024-11-24,523,kg,116,835,7.5,NORMAL,12
INV000738,S005,P003,Burger Buns,RAW_MATERIAL,2024-11-24,262,units,86,621,5.1,NORMAL,0.5
INV000739,S005,P004,French Fries,RAW_MATERIAL,2024-11-24,239,kg,70,507,5.7,NORMAL,8
INV000740,S005,P005,Lettuce,RAW_MATERIAL,2024-11-24,365,kg,115,831,5.3,NORMAL,5
INV000741,S005,P006,Tomatoes,RAW_MATERIAL,2024-11-24,323,kg,105,761,5.1,NORMAL,4
INV000742,S005,P007,Cheese Slices,RAW_MATERIAL,2024-11-24,348,units,78,563,7.4,NORMAL,0.3
INV000743,S005,P008,Soft Drink Syrup,RAW_MATERIAL,2024-11-24,440,liters,94,680,7.8,NORMAL,25
INV000744,S005,P009,Cooking Oil,RAW_MATERIAL,2024-11-24,307,liters,103,741,5.0,NORMAL,18
INV000745,S005,P010,Ice Cream Mix,RAW_MATERIAL,2024-11-24,411,liters,114,822,6.0,NORMAL,20
INV000746,S005,P011,Packaging Boxes,PACKAGING,2024-11-24,475,units,99,714,8.0,NORMAL,0.8
INV000747,S005,P012,Paper Cups,PACKAGING,2024-11-24,323,units,97,703,5.5,NORMAL,0.15
INV000748,S005,P013,Plastic Cutlery Sets,PACKAGING,2024-11-24,423,units,90,653,7.8,NORMAL,0.1
INV000749,S005,P014,Napkins,PACKAGING,2024-11-24,408,packs,92,667,7.3,NORMAL,2.5
INV000750,S005,P015,Ketchup Sachets,CONDIMENTS,2024-11-24,199,units,67,486,4.9,NORMAL,0.05
INV000751,S001,P001,Beef Burger Patty,RAW_MATERIAL,2024-11-30,348,kg,110,595,5.3,NORMAL,15
INV000752,S001,P002,Chicken Breast,RAW_MATERIAL,2024-11-30,220,kg,67,365,5.4,NORMAL,12
INV000753,S001,P003,Burger Buns,RAW_MATERIAL,2024-11-30,308,units,110,594,4.7,NORMAL,0.5
INV000754,S001,P004,French Fries,RAW_MATERIAL,2024-11-30,174,kg,50,272,5.7,NORMAL,8
INV000755,S001,P005,Lettuce,RAW_MATERIAL,2024-11-30,132,kg,52,282,4.2,NORMAL,5
INV000756,S001,P006,Tomatoes,RAW_MATERIAL,2024-11-30,203,kg,69,372,4.9,NORMAL,4
INV000757,S001,P007,Cheese Slices,RAW_MATERIAL,2024-11-30,325,units,117,634,4.6,NORMAL,0.3
INV000758,S001,P008,Soft Drink Syrup,RAW_MATERIAL,2024-11-30,217,liters,86,468,4.2,NORMAL,25
INV000759,S001,P009,Cooking Oil,RAW_MATERIAL,2024-11-30,145,liters,65,353,3.7,NORMAL,18
INV000760,S001,P010,Ice Cream Mix,RAW_MATERIAL,2024-11-30,318,liters,103,558,5.1,NORMAL,20
INV000761,S001,P011,Packaging Boxes,PACKAGING,2024-11-30,244,units,108,585,3.7,NORMAL,0.8
INV000762,S001,P012,Paper Cups,PACKAGING,2024-11-30,343,units,113,614,5.0,NORMAL,0.15
INV000763,S001,P013,Plastic Cutlery Sets,PACKAGING,2024-11-30,159,units,52,280,5.1,NORMAL,0.1
INV000764,S001,P014,Napkins,PACKAGING,2024-11-30,309,packs,123,666,4.2,NORMAL,2.5
INV000765,S001,P015,Ketchup Sachets,CONDIMENTS,2024-11-30,176,units,68,368,4.3,NORMAL,0.05
INV000766,S002,P001,Beef Burger Patty,RAW_MATERIAL,2024-11-30,186,kg,50,330,6.2,NORMAL,15
INV000767,S002,P002,Chicken Breast,RAW_MATERIAL,2024-11-30,294,kg,80,532,6.1,NORMAL,12
INV000768,S002,P003,Burger Buns,RAW_MATERIAL,2024-11-30,280,units,73,486,6.3,NORMAL,0.5
INV000769,S002,P004,French Fries,RAW_MATERIAL,2024-11-30,216,kg,60,400,5.9,NORMAL,8
INV000770,S002,P005,Lettuce,RAW_MATERIAL,2024-11-30,264,kg,96,633,4.6,NORMAL,5
INV000771,S002,P006,Tomatoes,RAW_MATERIAL,2024-11-30,421,kg,117,773,6.0,NORMAL,4
INV000772,S002,P007,Cheese Slices,RAW_MATERIAL,2024-11-30,414,units,114,757,6.0,NORMAL,0.3
INV000773,S002,P008,Soft Drink Syrup,RAW_MATERIAL,2024-11-30,416,liters,99,658,7.0,NORMAL,25
INV000774,S002,P009,Cooking Oil,RAW_MATERIAL,2024-11-30,208,liters,55,366,6.2,NORMAL,18
INV000775,S002,P010,Ice Cream Mix,RAW_MATERIAL,2024-11-30,301,liters,97,645,5.1,NORMAL,20
INV000776,S002,P011,Packaging Boxes,PACKAGING,2024-11-30,169,units,52,343,5.4,NORMAL,0.8
INV000777,S002,P012,Paper Cups,PACKAGING,2024-11-30,189,units,58,386,5.4,NORMAL,0.15
INV000778,S002,P013,Plastic Cutlery Sets,PACKAGING,2024-11-30,252,units,63,417,6.6,NORMAL,0.1
INV000779,S002,P014,Napkins,PACKAGING,2024-11-30,265,packs,92,610,4.8,NORMAL,2.5
INV000780,S002,P015,Ketchup Sachets,CONDIMENTS,2024-11-30,342,units,95,627,6.0,NORMAL,0.05
INV000781,S003,P001,Beef Burger Patty,RAW_MATERIAL,2024-11-30,215,kg,72,346,5.0,NORMAL,15
INV000782,S003,P002,Chicken Breast,RAW_MATERIAL,2024-11-30,346,kg,109,524,5.3,NORMAL,12
INV000783,S003,P003,Burger Buns,RAW_MATERIAL,2024-11-30,303,units,111,534,4.5,NORMAL,0.5
INV000784,S003,P004,French Fries,RAW_MATERIAL,2024-11-30,134,kg,67,322,3.3,NORMAL,8
INV000785,S003,P005,Lettuce,RAW_MATERIAL,2024-11-30,213,kg,108,520,3.3,NORMAL,5
INV000786,S003,P006,Tomatoes,RAW_MATERIAL,2024-11-30,149,kg,75,363,3.3,NORMAL,4
INV000787,S003,P007,Cheese Slices,RAW_MATERIAL,2024-11-30,230,units,75,362,5.1,NORMAL,0.3
INV000788,S003,P008,Soft Drink Syrup,RAW_MATERIAL,2024-11-30,281,liters,90,433,5.2,NORMAL,25
INV000789,S003,P009,Cooking Oil,RAW_MATERIAL,2024-11-30,281,liters,115,555,4.0,NORMAL,18
INV000790,S003,P010,Ice Cream Mix,RAW_MATERIAL,2024-11-30,301,liters,119,573,4.2,NORMAL,20
INV000791,S003,P011,Packaging Boxes,PACKAGING,2024-11-30,157,units,54,261,4.8,NORMAL,0.8
INV000792,S003,P012,Paper Cups,PACKAGING,2024-11-30,169,units,74,356,3.8,NORMAL,0.15
INV000793,S003,P013,Plastic Cutlery Sets,PACKAGING,2024-11-30,169,units,56,268,5.0,NORMAL,0.1
INV000794,S003,P014,Napkins,PACKAGING,2024-11-30,209,packs,92,442,3.8,NORMAL,2.5
INV000795,S003,P015,Ketchup Sachets,CONDIMENTS,2024-11-30,240,units,97,465,4.1,NORMAL,0.05
INV000796,S004,P001,Beef Burger Patty,RAW_MATERIAL,2024-11-30,362,kg,101,606,6.0,NORMAL,15
INV000797,S004,P002,Chicken Breast,RAW_MATERIAL,2024-11-30,292,kg,99,595,4.9,NORMAL,12
INV000798,S004,P003,Burger Buns,RAW_MATERIAL,2024-11-30,235,units,73,442,5.3,NORMAL,0.5
INV000799,S004,P004,French Fries,RAW_MATERIAL,2024-11-30,339,kg,113,681,5.0,NORMAL,8
INV000800,S004,P005,Lettuce,RAW_MATERIAL,2024-11-30,328,kg,116,697,4.7,NORMAL,5
INV000801,S004,P006,Tomatoes,RAW_MATERIAL,2024-11-30,215,kg,60,363,5.9,NORMAL,4
INV000802,S004,P007,Cheese Slices,RAW_MATERIAL,2024-11-30,185,units,60,360,5.1,NORMAL,0.3
INV000803,S004,P008,Soft Drink Syrup,RAW_MATERIAL,2024-11-30,238,liters,73,438,5.4,NORMAL,25
INV000804,S004,P009,Cooking Oil,RAW_MATERIAL,2024-11-30,233,liters,91,546,4.3,NORMAL,18
INV000805,S004,P010,Ice Cream Mix,RAW_MATERIAL,2024-11-30,317,liters,91,550,5.8,NORMAL,20
INV000806,S004,P011,Packaging Boxes,PACKAGING,2024-11-30,277,units,89,534,5.2,NORMAL,0.8
INV000807,S004,P012,Paper Cups,PACKAGING,2024-11-30,278,units,104,627,4.4,NORMAL,0.15
INV000808,S004,P013,Plastic Cutlery Sets,PACKAGING,2024-11-30,316,units,106,640,4.9,NORMAL,0.1
INV000809,S004,P014,Napkins,PACKAGING,2024-11-30,196,packs,55,331,5.9,NORMAL,2.5
INV000810,S004,P015,Ketchup Sachets,CONDIMENTS,2024-11-30,321,units,95,570,5.6,NORMAL,0.05
INV000811,S005,P001,Beef Burger Patty,RAW_MATERIAL,2024-11-30,359,kg,105,759,5.7,NORMAL,15
INV000812,S005,P002,Chicken Breast,RAW_MATERIAL,2024-11-30,173,kg,57,412,5.0,NORMAL,12
INV000813,S005,P003,Burger Buns,RAW_MATERIAL,2024-11-30,364,units,101,732,6.0,NORMAL,0.5
INV000814,S005,P004,French Fries,RAW_MATERIAL,2024-11-30,330,kg,70,505,7.8,NORMAL,8
INV000815,S005,P005,Lettuce,RAW_MATERIAL,2024-11-30,307,kg,68,491,7.5,NORMAL,5
INV000816,S005,P006,Tomatoes,RAW_MATERIAL,2024-11-30,312,kg,106,763,4.9,NORMAL,4
INV000817,S005,P007,Cheese Slices,RAW_MATERIAL,2024-11-30,194,units,58,421,5.5,NORMAL,0.3
INV000818,S005,P008,Soft Drink Syrup,RAW_MATERIAL,2024-11-30,345,liters,96,696,5.9,NORMAL,25
INV000819,S005,P009,Cooking Oil,RAW_MATERIAL,2024-11-30,360,liters,122,882,4.9,NORMAL,18
INV000820,S005,P010,Ice Cream Mix,RAW_MATERIAL,2024-11-30,290,liters,69,500,7.0,NORMAL,20
INV000821,S005,P011,Packaging Boxes,PACKAGING,2024-11-30,349,units,97,700,6.0,NORMAL,0.8
INV000822,S005,P012,Paper Cups,PACKAGING,2024-11-30,237,units,59,430,6.6,NORMAL,0.15
INV000823,S005,P013,Plastic Cutlery Sets,PACKAGING,2024-11-30,422,units,117,847,6.0,NORMAL,0.1
INV000824,S005,P014,Napkins,PACKAGING,2024-11-30,371,packs,90,648,6.9,NORMAL,2.5
INV000825,S005,P015,Ketchup Sachets,CONDIMENTS,2024-11-30,386,units,81,588,7.9,NORMAL,0.05
INV000826,S001,P001,Beef Burger Patty,RAW_MATERIAL,2024-12-06,171,kg,53,287,5.4,NORMAL,15
INV000827,S001,P002,Chicken Breast,RAW_MATERIAL,2024-12-06,330,kg,113,614,4.8,NORMAL,12
INV000828,S001,P003,Burger Buns,RAW_MATERIAL,2024-12-06,283,units,121,657,3.9,NORMAL,0.5
INV000829,S001,P004,French Fries,RAW_MATERIAL,2024-12-06,264,kg,83,449,5.3,NORMAL,8
INV000830,S001,P005,Lettuce,RAW_MATERIAL,2024-12-06,277,kg,77,417,6.0,NORMAL,5
INV000831,S001,P006,Tomatoes,RAW_MATERIAL,2024-12-06,273,kg,86,467,5.3,NORMAL,4
INV000832,S001,P007,Cheese Slices,RAW_MATERIAL,2024-12-06,276,units,112,608,4.1,NORMAL,0.3
INV000833,S001,P008,Soft Drink Syrup,RAW_MATERIAL,2024-12-06,227,liters,67,363,5.6,NORMAL,25
INV000834,S001,P009,Cooking Oil,RAW_MATERIAL,2024-12-06,259,liters,107,581,4.0,NORMAL,18
INV000835,S001,P010,Ice Cream Mix,RAW_MATERIAL,2024-12-06,383,liters,106,576,6.0,NORMAL,20
INV000836,S001,P011,Packaging Boxes,PACKAGING,2024-12-06,283,units,90,490,5.2,NORMAL,0.8
INV000837,S001,P012,Paper Cups,PACKAGING,2024-12-06,171,units,58,314,4.9,NORMAL,0.15
INV000838,S001,P013,Plastic Cutlery Sets,PACKAGING,2024-12-06,299,units,87,469,5.7,NORMAL,0.1
INV000839,S001,P014,Napkins,PACKAGING,2024-12-06,222,packs,70,378,5.3,NORMAL,2.5
INV000840,S001,P015,Ketchup Sachets,CONDIMENTS,2024-12-06,238,units,72,390,5.5,NORMAL,0.05
INV000841,S002,P001,Beef Burger Patty,RAW_MATERIAL,2024-12-06,348,kg,115,759,5.0,NORMAL,15
INV000842,S002,P002,Chicken Breast,RAW_MATERIAL,2024-12-06,304,kg,75,498,6.7,NORMAL,12
INV000843,S002,P003,Burger Buns,RAW_MATERIAL,2024-12-06,323,units,80,529,6.7,NORMAL,0.5
INV000844,S002,P004,French Fries,RAW_MATERIAL,2024-12-06,174,kg,53,351,5.4,NORMAL,8
INV000845,S002,P005,Lettuce,RAW_MATERIAL,2024-12-06,405,kg,123,813,5.5,NORMAL,5
INV000846,S002,P006,Tomatoes,RAW_MATERIAL,2024-12-06,345,kg,120,795,4.8,NORMAL,4
INV000847,S002,P007,Cheese Slices,RAW_MATERIAL,2024-12-06,168,units,61,402,4.6,NORMAL,0.3
INV000848,S002,P008,Soft Drink Syrup,RAW_MATERIAL,2024-12-06,443,liters,100,664,7.3,NORMAL,25
INV000849,S002,P009,Cooking Oil,RAW_MATERIAL,2024-12-06,396,liters,111,734,5.9,NORMAL,18
INV000850,S002,P010,Ice Cream Mix,RAW_MATERIAL,2024-12-06,418,liters,102,674,6.8,NORMAL,20
INV000851,S002,P011,Packaging Boxes,PACKAGING,2024-12-06,169,units,59,391,4.8,NORMAL,0.8
INV000852,S002,P012,Paper Cups,PACKAGING,2024-12-06,341,units,90,597,6.3,NORMAL,0.15
INV000853,S002,P013,Plastic Cutlery Sets,PACKAGING,2024-12-06,371,units,107,709,5.8,NORMAL,0.1
INV000854,S002,P014,Napkins,PACKAGING,2024-12-06,376,packs,116,765,5.4,NORMAL,2.5
INV000855,S002,P015,Ketchup Sachets,CONDIMENTS,2024-12-06,453,units,120,795,6.3,NORMAL,0.05
INV000856,S003,P001,Beef Burger Patty,RAW_MATERIAL,2024-12-06,212,kg,73,351,4.8,NORMAL,15
INV000857,S003,P002,Chicken Breast,RAW_MATERIAL,2024-12-06,164,kg,66,319,4.1,NORMAL,12
INV000858,S003,P003,Burger Buns,RAW_MATERIAL,2024-12-06,170,units,57,273,5.0,NORMAL,0.5
INV000859,S003,P004,French Fries,RAW_MATERIAL,2024-12-06,245,kg,116,558,3.5,NORMAL,8
INV000860,S003,P005,Lettuce,RAW_MATERIAL,2024-12-06,151,kg,71,340,3.5,NORMAL,5
INV000861,S003,P006,Tomatoes,RAW_MATERIAL,2024-12-06,186,kg,78,378,3.9,NORMAL,4
INV000862,S003,P007,Cheese Slices,RAW_MATERIAL,2024-12-06,356,units,116,558,5.1,NORMAL,0.3
INV000863,S003,P008,Soft Drink Syrup,RAW_MATERIAL,2024-12-06,134,liters,60,288,3.7,NORMAL,25
INV000864,S003,P009,Cooking Oil,RAW_MATERIAL,2024-12-06,273,liters,120,578,3.8,NORMAL,18
INV000865,S003,P010,Ice Cream Mix,RAW_MATERIAL,2024-12-06,240,liters,88,426,4.5,NORMAL,20
INV000866,S003,P011,Packaging Boxes,PACKAGING,2024-12-06,158,units,61,296,4.3,NORMAL,0.8
INV000867,S003,P012,Paper Cups,PACKAGING,2024-12-06,191,units,71,343,4.5,NORMAL,0.15
INV000868,S003,P013,Plastic Cutlery Sets,PACKAGING,2024-12-06,263,units,124,596,3.5,NORMAL,0.1
INV000869,S003,P014,Napkins,PACKAGING,2024-12-06,278,packs,93,446,5.0,NORMAL,2.5
INV000870,S003,P015,Ketchup Sachets,CONDIMENTS,2024-12-06,240,units,122,585,3.3,NORMAL,0.05
INV000871,S004,P001,Beef Burger Patty,RAW_MATERIAL,2024-12-06,135,kg,53,321,4.2,NORMAL,15
INV000872,S004,P002,Chicken Breast,RAW_MATERIAL,2024-12-06,349,kg,123,742,4.7,NORMAL,12
INV000873,S004,P003,Burger Buns,RAW_MATERIAL,2024-12-06,278,units,76,460,6.0,NORMAL,0.5
INV000874,S004,P004,French Fries,RAW_MATERIAL,2024-12-06,349,kg,103,619,5.6,NORMAL,8
INV000875,S004,P005,Lettuce,RAW_MATERIAL,2024-12-06,171,kg,53,322,5.3,NORMAL,5
INV000876,S004,P006,Tomatoes,RAW_MATERIAL,2024-12-06,342,kg,119,718,4.8,NORMAL,4
INV000877,S004,P007,Cheese Slices,RAW_MATERIAL,2024-12-06,280,units,88,531,5.3,NORMAL,0.3
INV000878,S004,P008,Soft Drink Syrup,RAW_MATERIAL,2024-12-06,292,liters,101,610,4.8,NORMAL,25
INV000879,S004,P009,Cooking Oil,RAW_MATERIAL,2024-12-06,207,liters,59,355,5.8,NORMAL,18
INV000880,S004,P010,Ice Cream Mix,RAW_MATERIAL,2024-12-06,217,liters,70,420,5.2,NORMAL,20
INV000881,S004,P011,Packaging Boxes,PACKAGING,2024-12-06,351,units,111,670,5.2,NORMAL,0.8
INV000882,S004,P012,Paper Cups,PACKAGING,2024-12-06,315,units,93,561,5.6,NORMAL,0.15
INV000883,S004,P013,Plastic Cutlery Sets,PACKAGING,2024-12-06,340,units,90,540,6.3,NORMAL,0.1
INV000884,S004,P014,Napkins,PACKAGING,2024-12-06,324,packs,90,544,6.0,NORMAL,2.5
INV000885,S004,P015,Ketchup Sachets,CONDIMENTS,2024-12-06,372,units,94,564,6.6,NORMAL,0.05
INV000886,S005,P001,Beef Burger Patty,RAW_MATERIAL,2024-12-06,288,kg,66,478,7.2,NORMAL,15
INV000887,S005,P002,Chicken Breast,RAW_MATERIAL,2024-12-06,458,kg,115,833,6.6,NORMAL,12
INV000888,S005,P003,Burger Buns,RAW_MATERIAL,2024-12-06,303,units,90,653,5.6,NORMAL,0.5
INV000889,S005,P004,French Fries,RAW_MATERIAL,2024-12-06,222,kg,65,471,5.6,NORMAL,8
INV000890,S005,P005,Lettuce,RAW_MATERIAL,2024-12-06,256,kg,81,586,5.2,NORMAL,5
INV000891,S005,P006,Tomatoes,RAW_MATERIAL,2024-12-06,193,kg,56,405,5.7,NORMAL,4
INV000892,S005,P007,Cheese Slices,RAW_MATERIAL,2024-12-06,449,units,99,712,7.6,NORMAL,0.3
INV000893,S005,P008,Soft Drink Syrup,RAW_MATERIAL,2024-12-06,347,liters,103,745,5.6,NORMAL,25
INV000894,S005,P009,Cooking Oil,RAW_MATERIAL,2024-12-06,312,liters,70,505,7.4,NORMAL,18
INV000895,S005,P010,Ice Cream Mix,RAW_MATERIAL,2024-12-06,527,liters,123,891,7.1,NORMAL,20
INV000896,S005,P011,Packaging Boxes,PACKAGING,2024-12-06,322,units,74,534,7.2,NORMAL,0.8
INV000897,S005,P012,Paper Cups,PACKAGING,2024-12-06,545,units,113,819,8.0,NORMAL,0.15
INV000898,S005,P013,Plastic Cutlery Sets,PACKAGING,2024-12-06,421,units,109,790,6.4,NORMAL,0.1
INV000899,S005,P014,Napkins,PACKAGING,2024-12-06,342,packs,89,642,6.4,NORMAL,2.5
INV000900,S005,P015,Ketchup Sachets,CONDIMENTS,2024-12-06,288,units,61,442,7.8,NORMAL,0.05
INV000901,S001,P001,Beef Burger Patty,RAW_MATERIAL,2024-12-12,322,kg,114,618,4.7,NORMAL,15
INV000902,S001,P002,Chicken Breast,RAW_MATERIAL,2024-12-12,199,kg,80,436,4.1,NORMAL,12
INV000903,S001,P003,Burger Buns,RAW_MATERIAL,2024-12-12,211,units,95,513,3.7,NORMAL,0.5
INV000904,S001,P004,French Fries,RAW_MATERIAL,2024-12-12,247,kg,86,464,4.8,NORMAL,8
INV000905,S001,P005,Lettuce,RAW_MATERIAL,2024-12-12,282,kg,110,594,4.3,NORMAL,5
INV000906,S001,P006,Tomatoes,RAW_MATERIAL,2024-12-12,172,kg,51,275,5.6,NORMAL,4
INV000907,S001,P007,Cheese Slices,RAW_MATERIAL,2024-12-12,247,units,105,567,3.9,NORMAL,0.3
INV000908,S001,P008,Soft Drink Syrup,RAW_MATERIAL,2024-12-12,268,liters,83,452,5.3,NORMAL,25
INV000909,S001,P009,Cooking Oil,RAW_MATERIAL,2024-12-12,272,liters,101,548,4.5,NORMAL,18
INV000910,S001,P010,Ice Cream Mix,RAW_MATERIAL,2024-12-12,226,liters,101,546,3.7,NORMAL,20
INV000911,S001,P011,Packaging Boxes,PACKAGING,2024-12-12,297,units,121,657,4.1,NORMAL,0.8
INV000912,S001,P012,Paper Cups,PACKAGING,2024-12-12,311,units,120,652,4.3,NORMAL,0.15
INV000913,S001,P013,Plastic Cutlery Sets,PACKAGING,2024-12-12,286,units,99,535,4.8,NORMAL,0.1
INV000914,S001,P014,Napkins,PACKAGING,2024-12-12,308,packs,120,649,4.3,NORMAL,2.5
INV000915,S001,P015,Ketchup Sachets,CONDIMENTS,2024-12-12,152,units,65,351,3.9,NORMAL,0.05
INV000916,S002,P001,Beef Burger Patty,RAW_MATERIAL,2024-12-12,207,kg,62,410,5.5,NORMAL,15
INV000917,S002,P002,Chicken Breast,RAW_MATERIAL,2024-12-12,337,kg,93,615,6.0,NORMAL,12
INV000918,S002,P003,Burger Buns,RAW_MATERIAL,2024-12-12,383,units,96,638,6.6,NORMAL,0.5
INV000919,S002,P004,French Fries,RAW_MATERIAL,2024-12-12,278,kg,75,496,6.2,NORMAL,8
INV000920,S002,P005,Lettuce,RAW_MATERIAL,2024-12-12,356,kg,101,668,5.9,NORMAL,5
INV000921,S002,P006,Tomatoes,RAW_MATERIAL,2024-12-12,150,kg,55,367,4.5,NORMAL,4
INV000922,S002,P007,Cheese Slices,RAW_MATERIAL,2024-12-12,375,units,92,610,6.8,NORMAL,0.3
INV000923,S002,P008,Soft Drink Syrup,RAW_MATERIAL,2024-12-12,400,liters,116,767,5.7,NORMAL,25
INV000924,S002,P009,Cooking Oil,RAW_MATERIAL,2024-12-12,334,liters,115,763,4.8,NORMAL,18
INV000925,S002,P010,Ice Cream Mix,RAW_MATERIAL,2024-12-12,265,liters,90,598,4.9,NORMAL,20
INV000926,S002,P011,Packaging Boxes,PACKAGING,2024-12-12,325,units,88,582,6.1,NORMAL,0.8
INV000927,S002,P012,Paper Cups,PACKAGING,2024-12-12,470,units,114,757,6.8,NORMAL,0.15
INV000928,S002,P013,Plastic Cutlery Sets,PACKAGING,2024-12-12,413,units,118,778,5.8,NORMAL,0.1
INV000929,S002,P014,Napkins,PACKAGING,2024-12-12,386,packs,122,805,5.3,NORMAL,2.5
INV000930,S002,P015,Ketchup Sachets,CONDIMENTS,2024-12-12,170,units,52,343,5.4,NORMAL,0.05
INV000931,S003,P001,Beef Burger Patty,RAW_MATERIAL,2024-12-12,203,kg,64,307,5.3,NORMAL,15
INV000932,S003,P002,Chicken Breast,RAW_MATERIAL,2024-12-12,288,kg,124,597,3.9,NORMAL,12
INV000933,S003,P003,Burger Buns,RAW_MATERIAL,2024-12-12,142,units,53,255,4.4,NORMAL,0.5
INV000934,S003,P004,French Fries,RAW_MATERIAL,2024-12-12,264,kg,83,402,5.3,NORMAL,8
INV000935,S003,P005,Lettuce,RAW_MATERIAL,2024-12-12,329,kg,124,595,4.4,NORMAL,5
INV000936,S003,P006,Tomatoes,RAW_MATERIAL,2024-12-12,150,kg,56,271,4.4,NORMAL,4
INV000937,S003,P007,Cheese Slices,RAW_MATERIAL,2024-12-12,185,units,71,344,4.3,NORMAL,0.3
INV000938,S003,P008,Soft Drink Syrup,RAW_MATERIAL,2024-12-12,207,liters,98,472,3.5,NORMAL,25
INV000939,S003,P009,Cooking Oil,RAW_MATERIAL,2024-12-12,158,liters,81,388,3.3,NORMAL,18
INV000940,S003,P010,Ice Cream Mix,RAW_MATERIAL,2024-12-12,138,liters,64,307,3.6,NORMAL,20
INV000941,S003,P011,Packaging Boxes,PACKAGING,2024-12-12,246,units,106,510,3.9,NORMAL,0.8
INV000942,S003,P012,Paper Cups,PACKAGING,2024-12-12,169,units,69,332,4.1,NORMAL,0.15
INV000943,S003,P013,Plastic Cutlery Sets,PACKAGING,2024-12-12,185,units,76,364,4.1,NORMAL,0.1
INV000944,S003,P014,Napkins,PACKAGING,2024-12-12,334,packs,110,529,5.0,NORMAL,2.5
INV000945,S003,P015,Ketchup Sachets,CONDIMENTS,2024-12-12,163,units,57,277,4.7,NORMAL,0.05
INV000946,S004,P001,Beef Burger Patty,RAW_MATERIAL,2024-12-12,317,kg,116,697,4.5,NORMAL,15
INV000947,S004,P002,Chicken Breast,RAW_MATERIAL,2024-12-12,365,kg,91,549,6.6,NORMAL,12
INV000948,S004,P003,Burger Buns,RAW_MATERIAL,2024-12-12,359,units,111,666,5.4,NORMAL,0.5
INV000949,S004,P004,French Fries,RAW_MATERIAL,2024-12-12,353,kg,90,540,6.5,NORMAL,8
INV000950,S004,P005,Lettuce,RAW_MATERIAL,2024-12-12,419,kg,108,652,6.4,NORMAL,5
INV000951,S004,P006,Tomatoes,RAW_MATERIAL,2024-12-12,306,kg,93,562,5.4,NORMAL,4
INV000952,S004,P007,Cheese Slices,RAW_MATERIAL,2024-12-12,282,units,83,502,5.6,NORMAL,0.3
INV000953,S004,P008,Soft Drink Syrup,RAW_MATERIAL,2024-12-12,292,liters,74,447,6.5,NORMAL,25
INV000954,S004,P009,Cooking Oil,RAW_MATERIAL,2024-12-12,281,liters,85,513,5.5,NORMAL,18
INV000955,S004,P010,Ice Cream Mix,RAW_MATERIAL,2024-12-12,307,liters,78,472,6.5,NORMAL,20
INV000956,S004,P011,Packaging Boxes,PACKAGING,2024-12-12,319,units,88,528,6.0,NORMAL,0.8
INV000957,S004,P012,Paper Cups,PACKAGING,2024-12-12,268,units,76,459,5.8,NORMAL,0.15
INV000958,S004,P013,Plastic Cutlery Sets,PACKAGING,2024-12-12,327,units,112,675,4.8,NORMAL,0.1
INV000959,S004,P014,Napkins,PACKAGING,2024-12-12,311,packs,94,567,5.5,NORMAL,2.5
INV000960,S004,P015,Ketchup Sachets,CONDIMENTS,2024-12-12,243,units,85,510,4.8,NORMAL,0.05
INV000961,S005,P001,Beef Burger Patty,RAW_MATERIAL,2024-12-12,515,kg,123,887,7.0,NORMAL,15
INV000962,S005,P002,Chicken Breast,RAW_MATERIAL,2024-12-12,453,kg,98,709,7.7,NORMAL,12
INV000963,S005,P003,Burger Buns,RAW_MATERIAL,2024-12-12,447,units,100,723,7.4,NORMAL,0.5
INV000964,S005,P004,French Fries,RAW_MATERIAL,2024-12-12,235,kg,68,493,5.7,NORMAL,8
INV000965,S005,P005,Lettuce,RAW_MATERIAL,2024-12-12,408,kg,86,624,7.8,NORMAL,5
INV000966,S005,P006,Tomatoes,RAW_MATERIAL,2024-12-12,212,kg,60,432,5.9,NORMAL,4
INV000967,S005,P007,Cheese Slices,RAW_MATERIAL,2024-12-12,440,units,106,766,6.9,NORMAL,0.3
INV000968,S005,P008,Soft Drink Syrup,RAW_MATERIAL,2024-12-12,366,liters,111,801,5.5,NORMAL,25
INV000969,S005,P009,Cooking Oil,RAW_MATERIAL,2024-12-12,403,liters,118,855,5.7,NORMAL,18
INV000970,S005,P010,Ice Cream Mix,RAW_MATERIAL,2024-12-12,513,liters,121,876,7.0,NORMAL,20
INV000971,S005,P011,Packaging Boxes,PACKAGING,2024-12-12,208,units,67,486,5.1,NORMAL,0.8
INV000972,S005,P012,Paper Cups,PACKAGING,2024-12-12,417,units,125,900,5.6,NORMAL,0.15
INV000973,S005,P013,Plastic Cutlery Sets,PACKAGING,2024-12-12,234,units,56,405,6.9,NORMAL,0.1
INV000974,S005,P014,Napkins,PACKAGING,2024-12-12,390,packs,117,847,5.5,NORMAL,2.5
INV000975,S005,P015,Ketchup Sachets,CONDIMENTS,2024-12-12,237,units,79,574,5.0,NORMAL,0.05
INV000976,S001,P001,Beef Burger Patty,RAW_MATERIAL,2024-12-18,270,kg,102,554,4.4,NORMAL,15
INV000977,S001,P002,Chicken Breast,RAW_MATERIAL,2024-12-18,254,kg,110,595,3.8,NORMAL,12
INV000978,S001,P003,Burger Buns,RAW_MATERIAL,2024-12-18,146,units,67,364,3.6,NORMAL,0.5
INV000979,S001,P004,French Fries,RAW_MATERIAL,2024-12-18,429,kg,120,649,5.9,NORMAL,8
INV000980,S001,P005,Lettuce,RAW_MATERIAL,2024-12-18,192,kg,70,378,4.6,NORMAL,5
INV000981,S001,P006,Tomatoes,RAW_MATERIAL,2024-12-18,315,kg,110,598,4.7,NORMAL,4
INV000982,S001,P007,Cheese Slices,RAW_MATERIAL,2024-12-18,245,units,75,407,5.4,NORMAL,0.3
INV000983,S001,P008,Soft Drink Syrup,RAW_MATERIAL,2024-12-18,227,liters,86,468,4.4,NORMAL,25
INV000984,S001,P009,Cooking Oil,RAW_MATERIAL,2024-12-18,199,liters,57,310,5.8,NORMAL,18
INV000985,S001,P010,Ice Cream Mix,RAW_MATERIAL,2024-12-18,189,liters,61,330,5.1,NORMAL,20
INV000986,S001,P011,Packaging Boxes,PACKAGING,2024-12-18,232,units,79,429,4.9,NORMAL,0.8
INV000987,S001,P012,Paper Cups,PACKAGING,2024-12-18,190,units,54,295,5.8,NORMAL,0.15
INV000988,S001,P013,Plastic Cutlery Sets,PACKAGING,2024-12-18,199,units,72,390,4.6,NORMAL,0.1
INV000989,S001,P014,Napkins,PACKAGING,2024-12-18,254,packs,72,391,5.8,NORMAL,2.5
INV000990,S001,P015,Ketchup Sachets,CONDIMENTS,2024-12-18,195,units,54,294,6.0,NORMAL,0.05
INV000991,S002,P001,Beef Burger Patty,RAW_MATERIAL,2024-12-18,405,kg,100,664,6.7,NORMAL,15
INV000992,S002,P002,Chicken Breast,RAW_MATERIAL,2024-12-18,316,kg,73,486,7.1,NORMAL,12
INV000993,S002,P003,Burger Buns,RAW_MATERIAL,2024-12-18,363,units,87,574,7.0,NORMAL,0.5
INV000994,S002,P004,French Fries,RAW_MATERIAL,2024-12-18,161,kg,51,336,5.3,NORMAL,8
INV000995,S002,P005,Lettuce,RAW_MATERIAL,2024-12-18,271,kg,63,419,7.1,NORMAL,5
INV000996,S002,P006,Tomatoes,RAW_MATERIAL,2024-12-18,291,kg,92,612,5.2,NORMAL,4
INV000997,S002,P007,Cheese Slices,RAW_MATERIAL,2024-12-18,425,units,119,788,5.9,NORMAL,0.3
INV000998,S002,P008,Soft Drink Syrup,RAW_MATERIAL,2024-12-18,277,liters,67,442,6.9,NORMAL,25
INV000999,S002,P009,Cooking Oil,RAW_MATERIAL,2024-12-18,342,liters,109,724,5.2,NORMAL,18
INV001000,S002,P010,Ice Cream Mix,RAW_MATERIAL,2024-12-18,207,liters,64,424,5.4,NORMAL,20
INV001001,S002,P011,Packaging Boxes,PACKAGING,2024-12-18,410,units,108,716,6.3,NORMAL,0.8
INV001002,S002,P012,Paper Cups,PACKAGING,2024-12-18,196,units,73,486,4.4,NORMAL,0.15
INV001003,S002,P013,Plastic Cutlery Sets,PACKAGING,2024-12-18,374,units,93,613,6.7,NORMAL,0.1
INV001004,S002,P014,Napkins,PACKAGING,2024-12-18,468,packs,122,808,6.4,NORMAL,2.5
INV001005,S002,P015,Ketchup Sachets,CONDIMENTS,2024-12-18,219,units,74,491,4.9,NORMAL,0.05
INV001006,S003,P001,Beef Burger Patty,RAW_MATERIAL,2024-12-18,303,kg,101,488,5.0,NORMAL,15
INV001007,S003,P002,Chicken Breast,RAW_MATERIAL,2024-12-18,270,kg,115,555,3.9,NORMAL,12
INV001008,S003,P003,Burger Buns,RAW_MATERIAL,2024-12-18,281,units,101,486,4.6,NORMAL,0.5
INV001009,S003,P004,French Fries,RAW_MATERIAL,2024-12-18,233,kg,73,352,5.3,NORMAL,8
INV001010,S003,P005,Lettuce,RAW_MATERIAL,2024-12-18,259,kg,111,532,3.9,NORMAL,5
INV001011,S003,P006,Tomatoes,RAW_MATERIAL,2024-12-18,157,kg,81,392,3.2,NORMAL,4
INV001012,S003,P007,Cheese Slices,RAW_MATERIAL,2024-12-18,219,units,99,475,3.7,NORMAL,0.3
INV001013,S003,P008,Soft Drink Syrup,RAW_MATERIAL,2024-12-18,263,liters,84,403,5.2,NORMAL,25
INV001014,S003,P009,Cooking Oil,RAW_MATERIAL,2024-12-18,235,liters,88,424,4.4,NORMAL,18
INV001015,S003,P010,Ice Cream Mix,RAW_MATERIAL,2024-12-18,238,liters,123,591,3.2,NORMAL,20
INV001016,S003,P011,Packaging Boxes,PACKAGING,2024-12-18,269,units,96,460,4.7,NORMAL,0.8
INV001017,S003,P012,Paper Cups,PACKAGING,2024-12-18,160,units,57,277,4.6,NORMAL,0.15
INV001018,S003,P013,Plastic Cutlery Sets,PACKAGING,2024-12-18,253,units,109,525,3.9,NORMAL,0.1
INV001019,S003,P014,Napkins,PACKAGING,2024-12-18,284,packs,101,488,4.7,NORMAL,2.5
INV001020,S003,P015,Ketchup Sachets,CONDIMENTS,2024-12-18,251,units,89,430,4.7,NORMAL,0.05
INV001021,S004,P001,Beef Burger Patty,RAW_MATERIAL,2024-12-18,262,kg,87,526,5.0,NORMAL,15
INV001022,S004,P002,Chicken Breast,RAW_MATERIAL,2024-12-18,215,kg,78,469,4.6,NORMAL,12
INV001023,S004,P003,Burger Buns,RAW_MATERIAL,2024-12-18,212,units,67,402,5.3,NORMAL,0.5
INV001024,S004,P004,French Fries,RAW_MATERIAL,2024-12-18,388,kg,108,648,6.0,NORMAL,8
INV001025,S004,P005,Lettuce,RAW_MATERIAL,2024-12-18,299,kg,97,586,5.1,NORMAL,5
INV001026,S004,P006,Tomatoes,RAW_MATERIAL,2024-12-18,464,kg,120,721,6.4,NORMAL,4
INV001027,S004,P007,Cheese Slices,RAW_MATERIAL,2024-12-18,437,units,118,712,6.1,NORMAL,0.3
INV001028,S004,P008,Soft Drink Syrup,RAW_MATERIAL,2024-12-18,281,liters,77,466,6.0,NORMAL,25
INV001029,S004,P009,Cooking Oil,RAW_MATERIAL,2024-12-18,195,liters,60,361,5.4,NORMAL,18
INV001030,S004,P010,Ice Cream Mix,RAW_MATERIAL,2024-12-18,414,liters,117,705,5.9,NORMAL,20
INV001031,S004,P011,Packaging Boxes,PACKAGING,2024-12-18,231,units,59,358,6.4,NORMAL,0.8
INV001032,S004,P012,Paper Cups,PACKAGING,2024-12-18,160,units,64,385,4.2,NORMAL,0.15
INV001033,S004,P013,Plastic Cutlery Sets,PACKAGING,2024-12-18,461,units,120,720,6.4,NORMAL,0.1
INV001034,S004,P014,Napkins,PACKAGING,2024-12-18,251,packs,75,454,5.5,NORMAL,2.5
INV001035,S004,P015,Ketchup Sachets,CONDIMENTS,2024-12-18,183,units,69,414,4.4,NORMAL,0.05
INV001036,S005,P001,Beef Burger Patty,RAW_MATERIAL,2024-12-18,434,kg,116,838,6.2,NORMAL,15
INV001037,S005,P002,Chicken Breast,RAW_MATERIAL,2024-12-18,324,kg,76,549,7.1,NORMAL,12
INV001038,S005,P003,Burger Buns,RAW_MATERIAL,2024-12-18,343,units,112,810,5.1,NORMAL,0.5
INV001039,S005,P004,French Fries,RAW_MATERIAL,2024-12-18,430,kg,115,829,6.2,NORMAL,8
INV001040,S005,P005,Lettuce,RAW_MATERIAL,2024-12-18,213,kg,57,410,6.2,NORMAL,5
INV001041,S005,P006,Tomatoes,RAW_MATERIAL,2024-12-18,424,kg,115,831,6.1,NORMAL,4
INV001042,S005,P007,Cheese Slices,RAW_MATERIAL,2024-12-18,364,units,122,878,5.0,NORMAL,0.3
INV001043,S005,P008,Soft Drink Syrup,RAW_MATERIAL,2024-12-18,454,liters,109,784,6.9,NORMAL,25
INV001044,S005,P009,Cooking Oil,RAW_MATERIAL,2024-12-18,380,liters,89,642,7.1,NORMAL,18
INV001045,S005,P010,Ice Cream Mix,RAW_MATERIAL,2024-12-18,338,liters,100,723,5.6,NORMAL,20
INV001046,S005,P011,Packaging Boxes,PACKAGING,2024-12-18,216,units,50,361,7.2,NORMAL,0.8
INV001047,S005,P012,Paper Cups,PACKAGING,2024-12-18,374,units,124,892,5.0,NORMAL,0.15
INV001048,S005,P013,Plastic Cutlery Sets,PACKAGING,2024-12-18,368,units,104,748,5.9,NORMAL,0.1
INV001049,S005,P014,Napkins,PACKAGING,2024-12-18,227,packs,58,417,6.5,NORMAL,2.5
INV001050,S005,P015,Ketchup Sachets,CONDIMENTS,2024-12-18,268,units,57,414,7.8,NORMAL,0.05
INV001051,S001,P001,Beef Burger Patty,RAW_MATERIAL,2024-12-24,210,kg,58,317,6.0,NORMAL,15
INV001052,S001,P002,Chicken Breast,RAW_MATERIAL,2024-12-24,243,kg,110,595,3.7,NORMAL,12
INV001053,S001,P003,Burger Buns,RAW_MATERIAL,2024-12-24,247,units,102,552,4.0,NORMAL,0.5
INV001054,S001,P004,French Fries,RAW_MATERIAL,2024-12-24,219,kg,67,363,5.4,NORMAL,8
INV001055,S001,P005,Lettuce,RAW_MATERIAL,2024-12-24,280,kg,103,560,4.5,NORMAL,5
INV001056,S001,P006,Tomatoes,RAW_MATERIAL,2024-12-24,277,kg,98,533,4.7,NORMAL,4
INV001057,S001,P007,Cheese Slices,RAW_MATERIAL,2024-12-24,265,units,98,530,4.5,NORMAL,0.3
INV001058,S001,P008,Soft Drink Syrup,RAW_MATERIAL,2024-12-24,279,liters,119,642,3.9,NORMAL,25
INV001059,S001,P009,Cooking Oil,RAW_MATERIAL,2024-12-24,220,liters,94,510,3.9,NORMAL,18
INV001060,S001,P010,Ice Cream Mix,RAW_MATERIAL,2024-12-24,323,liters,118,641,4.5,NORMAL,20
INV001061,S001,P011,Packaging Boxes,PACKAGING,2024-12-24,212,units,66,357,5.3,NORMAL,0.8
INV001062,S001,P012,Paper Cups,PACKAGING,2024-12-24,263,units,78,423,5.6,NORMAL,0.15
INV001063,S001,P013,Plastic Cutlery Sets,PACKAGING,2024-12-24,188,units,52,284,5.9,NORMAL,0.1
INV001064,S001,P014,Napkins,PACKAGING,2024-12-24,341,packs,109,589,5.2,NORMAL,2.5
INV001065,S001,P015,Ketchup Sachets,CONDIMENTS,2024-12-24,331,units,119,645,4.6,NORMAL,0.05
INV001066,S002,P001,Beef Burger Patty,RAW_MATERIAL,2024-12-24,402,kg,98,650,6.8,NORMAL,15
INV001067,S002,P002,Chicken Breast,RAW_MATERIAL,2024-12-24,281,kg,81,537,5.7,NORMAL,12
INV001068,S002,P003,Burger Buns,RAW_MATERIAL,2024-12-24,217,units,69,460,5.2,NORMAL,0.5
INV001069,S002,P004,French Fries,RAW_MATERIAL,2024-12-24,173,kg,64,424,4.5,NORMAL,8
INV001070,S002,P005,Lettuce,RAW_MATERIAL,2024-12-24,385,kg,103,683,6.2,NORMAL,5
INV001071,S002,P006,Tomatoes,RAW_MATERIAL,2024-12-24,159,kg,52,343,5.1,NORMAL,4
INV001072,S002,P007,Cheese Slices,RAW_MATERIAL,2024-12-24,164,units,58,386,4.7,NORMAL,0.3
INV001073,S002,P008,Soft Drink Syrup,RAW_MATERIAL,2024-12-24,185,liters,54,358,5.7,NORMAL,25
INV001074,S002,P009,Cooking Oil,RAW_MATERIAL,2024-12-24,171,liters,56,369,5.1,NORMAL,18
INV001075,S002,P010,Ice Cream Mix,RAW_MATERIAL,2024-12-24,185,liters,55,366,5.6,NORMAL,20
INV001076,S002,P011,Packaging Boxes,PACKAGING,2024-12-24,286,units,79,526,6.0,NORMAL,0.8
INV001077,S002,P012,Paper Cups,PACKAGING,2024-12-24,164,units,57,376,4.8,NORMAL,0.15
INV001078,S002,P013,Plastic Cutlery Sets,PACKAGING,2024-12-24,265,units,87,574,5.1,NORMAL,0.1
INV001079,S002,P014,Napkins,PACKAGING,2024-12-24,395,packs,123,815,5.3,NORMAL,2.5
INV001080,S002,P015,Ketchup Sachets,CONDIMENTS,2024-12-24,278,units,91,600,5.1,NORMAL,0.05
INV001081,S003,P001,Beef Burger Patty,RAW_MATERIAL,2024-12-24,217,kg,68,327,5.3,NORMAL,15
INV001082,S003,P002,Chicken Breast,RAW_MATERIAL,2024-12-24,256,kg,116,559,3.7,NORMAL,12
INV001083,S003,P003,Burger Buns,RAW_MATERIAL,2024-12-24,200,units,88,423,3.8,NORMAL,0.5
INV001084,S003,P004,French Fries,RAW_MATERIAL,2024-12-24,380,kg,121,582,5.2,NORMAL,8
INV001085,S003,P005,Lettuce,RAW_MATERIAL,2024-12-24,196,kg,72,346,4.5,NORMAL,5
INV001086,S003,P006,Tomatoes,RAW_MATERIAL,2024-12-24,274,kg,104,501,4.4,NORMAL,4
INV001087,S003,P007,Cheese Slices,RAW_MATERIAL,2024-12-24,177,units,56,268,5.3,NORMAL,0.3
INV001088,S003,P008,Soft Drink Syrup,RAW_MATERIAL,2024-12-24,288,liters,98,474,4.9,NORMAL,25
INV001089,S003,P009,Cooking Oil,RAW_MATERIAL,2024-12-24,255,liters,90,435,4.7,NORMAL,18
INV001090,S003,P010,Ice Cream Mix,RAW_MATERIAL,2024-12-24,215,liters,102,490,3.5,NORMAL,20
INV001091,S003,P011,Packaging Boxes,PACKAGING,2024-12-24,211,units,98,470,3.6,NORMAL,0.8
INV001092,S003,P012,Paper Cups,PACKAGING,2024-12-24,299,units,118,570,4.2,NORMAL,0.15
INV001093,S003,P013,Plastic Cutlery Sets,PACKAGING,2024-12-24,181,units,78,378,3.8,NORMAL,0.1
INV001094,S003,P014,Napkins,PACKAGING,2024-12-24,201,packs,68,327,4.9,NORMAL,2.5
INV001095,S003,P015,Ketchup Sachets,CONDIMENTS,2024-12-24,151,units,57,274,4.4,NORMAL,0.05
INV001096,S004,P001,Beef Burger Patty,RAW_MATERIAL,2024-12-24,339,kg,103,619,5.5,NORMAL,15
INV001097,S004,P002,Chicken Breast,RAW_MATERIAL,2024-12-24,202,kg,67,402,5.0,NORMAL,12
INV001098,S004,P003,Burger Buns,RAW_MATERIAL,2024-12-24,224,units,82,495,4.5,NORMAL,0.5
INV001099,S004,P004,French Fries,RAW_MATERIAL,2024-12-24,232,kg,60,360,6.4,NORMAL,8
INV001100,S004,P005,Lettuce,RAW_MATERIAL,2024-12-24,247,kg,97,583,4.2,NORMAL,5
INV001101,S004,P006,Tomatoes,RAW_MATERIAL,2024-12-24,184,kg,74,445,4.1,NORMAL,4
INV001102,S004,P007,Cheese Slices,RAW_MATERIAL,2024-12-24,341,units,98,589,5.8,NORMAL,0.3
INV001103,S004,P008,Soft Drink Syrup,RAW_MATERIAL,2024-12-24,208,liters,55,330,6.3,NORMAL,25
INV001104,S004,P009,Cooking Oil,RAW_MATERIAL,2024-12-24,272,liters,74,444,6.1,NORMAL,18
INV001105,S004,P010,Ice Cream Mix,RAW_MATERIAL,2024-12-24,444,liters,125,750,5.9,NORMAL,20
INV001106,S004,P011,Packaging Boxes,PACKAGING,2024-12-24,333,units,121,729,4.6,NORMAL,0.8
INV001107,S004,P012,Paper Cups,PACKAGING,2024-12-24,290,units,76,459,6.3,NORMAL,0.15
INV001108,S004,P013,Plastic Cutlery Sets,PACKAGING,2024-12-24,266,units,92,555,4.8,NORMAL,0.1
INV001109,S004,P014,Napkins,PACKAGING,2024-12-24,141,packs,51,310,4.5,NORMAL,2.5
INV001110,S004,P015,Ketchup Sachets,CONDIMENTS,2024-12-24,292,units,74,445,6.6,NORMAL,0.05
INV001111,S005,P001,Beef Burger Patty,RAW_MATERIAL,2024-12-24,280,kg,65,468,7.2,NORMAL,15
INV001112,S005,P002,Chicken Breast,RAW_MATERIAL,2024-12-24,515,kg,111,801,7.7,NORMAL,12
INV001113,S005,P003,Burger Buns,RAW_MATERIAL,2024-12-24,276,units,76,547,6.1,NORMAL,0.5
INV001114,S005,P004,French Fries,RAW_MATERIAL,2024-12-24,317,kg,80,579,6.6,NORMAL,8
INV001115,S005,P005,Lettuce,RAW_MATERIAL,2024-12-24,310,kg,86,619,6.0,NORMAL,5
INV001116,S005,P006,Tomatoes,RAW_MATERIAL,2024-12-24,487,kg,118,851,6.9,NORMAL,4
INV001117,S005,P007,Cheese Slices,RAW_MATERIAL,2024-12-24,301,units,89,642,5.6,NORMAL,0.3
INV001118,S005,P008,Soft Drink Syrup,RAW_MATERIAL,2024-12-24,528,liters,115,831,7.6,NORMAL,25
INV001119,S005,P009,Cooking Oil,RAW_MATERIAL,2024-12-24,336,liters,109,788,5.1,NORMAL,18
INV001120,S005,P010,Ice Cream Mix,RAW_MATERIAL,2024-12-24,477,liters,110,792,7.2,NORMAL,20
INV001121,S005,P011,Packaging Boxes,PACKAGING,2024-12-24,420,units,90,653,7.7,NORMAL,0.8
INV001122,S005,P012,Paper Cups,PACKAGING,2024-12-24,338,units,97,700,5.8,NORMAL,0.15
INV001123,S005,P013,Plastic Cutlery Sets,PACKAGING,2024-12-24,220,units,55,401,6.6,NORMAL,0.1
INV001124,S005,P014,Napkins,PACKAGING,2024-12-24,336,packs,78,563,7.2,NORMAL,2.5
INV001125,S005,P015,Ketchup Sachets,CONDIMENTS,2024-12-24,175,units,52,374,5.6,NORMAL,0.05
