transaction_id,store_id,date,day_of_week,num_transactions,total_revenue_sar,avg_ticket_sar,burgers_sold,sides_sold,drinks_sold,desserts_sold,lunch_peak_pct,dinner_peak_pct,other_hours_pct,delivery_orders,drive_thru_orders
TXN000001,S001,2024-10-01,Tuesday,291,10330.56,35.5,197,166,264,92,0.412,0.407,0.181,55,59
TXN000002,S002,2024-10-01,Tuesday,292,13171.27,45.11,190,166,262,88,0.365,0.447,0.187,67,58
TXN000003,S003,2024-10-01,Tuesday,262,12828.25,48.96,179,148,247,74,0.356,0.408,0.236,61,68
TXN000004,S004,2024-10-01,Tuesday,316,15671.9,49.59,222,204,270,96,0.408,0.449,0.142,74,81
TXN000005,S005,2024-10-01,Tuesday,371,13325.02,35.92,249,214,301,101,0.357,0.422,0.221,79,87
TXN000006,S001,2024-10-02,Wednesday,269,10542.15,39.19,182,173,241,83,0.362,0.458,0.18,44,64
TXN000007,S002,2024-10-02,Wednesday,366,17494.8,47.8,258,226,339,119,0.366,0.403,0.231,66,82
TXN000008,S003,2024-10-02,Wednesday,219,11794.94,53.86,161,127,196,63,0.414,0.437,0.149,38,49
TXN000009,S004,2024-10-02,Wednesday,295,11875.18,40.25,208,188,253,80,0.42,0.441,0.139,46,60
TXN000010,S005,2024-10-02,Wednesday,309,14692.62,47.55,225,182,250,89,0.42,0.442,0.138,76,88
TXN000011,S001,2024-10-03,Thursday,238,11760.64,49.41,170,143,199,74,0.358,0.435,0.207,46,70
TXN000012,S002,2024-10-03,Thursday,356,14335.33,40.27,249,202,333,119,0.371,0.451,0.178,75,76
TXN000013,S003,2024-10-03,Thursday,258,11813.2,45.79,187,155,206,72,0.351,0.474,0.174,61,73
TXN000014,S004,2024-10-03,Thursday,273,9871.27,36.16,201,176,221,81,0.355,0.461,0.184,61,58
TXN000015,S005,2024-10-03,Thursday,347,15960.64,46.0,234,221,299,94,0.388,0.458,0.154,59,80
TXN000016,S001,2024-10-04,Friday,450,21598.9,48.0,312,270,368,122,0.374,0.447,0.179,77,99
TXN000017,S002,2024-10-04,Friday,390,18572.6,47.62,262,249,362,100,0.367,0.454,0.18,66,83
TXN000018,S003,2024-10-04,Friday,379,17593.51,46.42,264,238,349,101,0.357,0.434,0.209,72,93
TXN000019,S004,2024-10-04,Friday,433,20986.34,48.47,324,242,372,122,0.41,0.42,0.17,73,106
TXN000020,S005,2024-10-04,Friday,478,19392.89,40.57,322,307,414,160,0.389,0.404,0.207,119,135
TXN000021,S001,2024-10-05,Saturday,447,23926.72,53.53,328,253,390,121,0.378,0.405,0.217,83,133
TXN000022,S002,2024-10-05,Saturday,416,21083.47,50.68,289,246,392,145,0.389,0.457,0.154,68,95
TXN000023,S003,2024-10-05,Saturday,383,17841.52,46.58,269,239,309,118,0.385,0.468,0.147,63,113
TXN000024,S004,2024-10-05,Saturday,354,13705.64,38.72,251,218,295,92,0.412,0.42,0.168,74,92
TXN000025,S005,2024-10-05,Saturday,478,22309.91,46.67,335,307,397,153,0.367,0.432,0.202,103,109
TXN000026,S001,2024-10-06,Sunday,264,13209.84,50.04,173,157,250,92,0.355,0.417,0.228,46,77
TXN000027,S002,2024-10-06,Sunday,356,18720.4,52.59,244,201,329,114,0.393,0.479,0.128,76,71
TXN000028,S003,2024-10-06,Sunday,262,10738.74,40.99,187,168,214,68,0.357,0.444,0.198,46,68
TXN000029,S004,2024-10-06,Sunday,308,12034.16,39.07,219,177,268,104,0.409,0.407,0.183,59,70
TXN000030,S005,2024-10-06,Sunday,297,14975.45,50.42,211,171,270,90,0.38,0.401,0.219,46,85
TXN000031,S001,2024-10-07,Monday,313,14370.4,45.91,229,190,257,82,0.372,0.472,0.157,71,89
TXN000032,S002,2024-10-07,Monday,358,14034.15,39.2,241,200,328,121,0.378,0.45,0.172,59,104
TXN000033,S003,2024-10-07,Monday,266,14503.42,54.52,194,169,213,86,0.373,0.474,0.152,61,76
TXN000034,S004,2024-10-07,Monday,317,12786.55,40.34,231,177,295,106,0.366,0.465,0.169,62,73
TXN000035,S005,2024-10-07,Monday,381,15069.28,39.55,248,216,323,128,0.418,0.422,0.16,81,91
TXN000036,S001,2024-10-08,Tuesday,320,14631.78,45.72,238,179,302,85,0.417,0.421,0.161,51,77
TXN000037,S002,2024-10-08,Tuesday,341,14074.28,41.27,242,204,292,104,0.368,0.457,0.175,51,99
TXN000038,S003,2024-10-08,Tuesday,242,11952.04,49.39,175,149,206,62,0.396,0.426,0.177,43,68
TXN000039,S004,2024-10-08,Tuesday,309,12670.99,41.01,210,182,265,86,0.359,0.434,0.207,75,82
TXN000040,S005,2024-10-08,Tuesday,392,18545.64,47.31,266,237,313,109,0.38,0.446,0.174,84,96
TXN000041,S001,2024-10-09,Wednesday,275,10800.36,39.27,191,176,252,73,0.356,0.441,0.203,58,64
TXN000042,S002,2024-10-09,Wednesday,350,17507.97,50.02,251,200,290,88,0.367,0.438,0.195,82,72
TXN000043,S003,2024-10-09,Wednesday,233,11089.71,47.6,155,144,203,63,0.396,0.4,0.204,52,64
TXN000044,S004,2024-10-09,Wednesday,255,11093.25,43.5,170,164,223,65,0.367,0.468,0.165,49,71
TXN000045,S005,2024-10-09,Wednesday,367,20096.13,54.76,260,236,342,114,0.4,0.44,0.159,85,93
TXN000046,S001,2024-10-10,Thursday,313,15610.28,49.87,218,180,262,98,0.404,0.442,0.155,66,71
TXN000047,S002,2024-10-10,Thursday,279,11359.36,40.71,188,162,245,73,0.366,0.456,0.178,61,57
TXN000048,S003,2024-10-10,Thursday,233,10683.57,45.85,161,132,201,79,0.391,0.456,0.153,54,64
TXN000049,S004,2024-10-10,Thursday,279,9797.9,35.12,191,174,258,96,0.379,0.46,0.161,57,72
TXN000050,S005,2024-10-10,Thursday,320,12604.3,39.39,221,176,272,101,0.378,0.413,0.208,62,68
TXN000051,S001,2024-10-11,Friday,406,14428.97,35.54,279,246,326,127,0.359,0.437,0.204,62,96
TXN000052,S002,2024-10-11,Friday,409,16988.6,41.54,296,240,373,136,0.368,0.407,0.226,62,103
TXN000053,S003,2024-10-11,Friday,386,16211.69,42.0,275,242,346,125,0.416,0.416,0.168,58,83
TXN000054,S004,2024-10-11,Friday,360,17420.1,48.39,254,205,325,117,0.362,0.449,0.19,80,76
TXN000055,S005,2024-10-11,Friday,536,29101.81,54.29,354,296,453,170,0.417,0.432,0.151,118,111
TXN000056,S001,2024-10-12,Saturday,414,19683.57,47.54,273,259,384,128,0.358,0.479,0.163,94,97
TXN000057,S002,2024-10-12,Saturday,438,18576.2,42.41,306,255,406,145,0.357,0.477,0.166,93,123
TXN000058,S003,2024-10-12,Saturday,356,15560.67,43.71,257,230,299,117,0.388,0.439,0.174,68,97
TXN000059,S004,2024-10-12,Saturday,377,19616.92,52.03,276,210,351,103,0.383,0.449,0.169,70,76
TXN000060,S005,2024-10-12,Saturday,541,20902.51,38.64,363,340,460,182,0.399,0.422,0.179,81,159
TXN000061,S001,2024-10-13,Sunday,245,12103.37,49.4,171,153,221,77,0.384,0.463,0.152,39,54
TXN000062,S002,2024-10-13,Sunday,338,13899.95,41.12,239,201,297,98,0.402,0.426,0.171,74,76
TXN000063,S003,2024-10-13,Sunday,222,8305.71,37.41,148,124,195,72,0.363,0.417,0.22,44,60
TXN000064,S004,2024-10-13,Sunday,331,15058.1,45.49,224,185,274,90,0.363,0.401,0.236,67,75
TXN000065,S005,2024-10-13,Sunday,399,18380.8,46.07,287,224,371,119,0.411,0.446,0.143,78,97
TXN000066,S001,2024-10-14,Monday,253,9114.97,36.03,188,151,233,73,0.355,0.45,0.194,39,54
TXN000067,S002,2024-10-14,Monday,326,13391.01,41.08,244,183,298,101,0.405,0.418,0.177,65,79
TXN000068,S003,2024-10-14,Monday,235,12267.78,52.2,176,136,209,73,0.402,0.476,0.122,40,51
TXN000069,S004,2024-10-14,Monday,303,11556.77,38.14,202,168,242,89,0.392,0.423,0.185,52,82
TXN000070,S005,2024-10-14,Monday,371,16353.91,44.08,266,238,340,115,0.396,0.475,0.129,71,94
TXN000071,S001,2024-10-15,Tuesday,292,15525.12,53.17,213,162,240,81,0.402,0.446,0.152,52,62
TXN000072,S002,2024-10-15,Tuesday,338,16560.2,48.99,251,202,295,87,0.353,0.435,0.213,61,76
TXN000073,S003,2024-10-15,Tuesday,210,11390.03,54.24,154,127,197,73,0.397,0.422,0.181,32,57
TXN000074,S004,2024-10-15,Tuesday,287,13784.66,48.03,212,163,254,89,0.384,0.407,0.208,53,66
TXN000075,S005,2024-10-15,Tuesday,367,19140.76,52.15,250,227,309,126,0.407,0.444,0.149,71,84
TXN000076,S001,2024-10-16,Wednesday,265,14416.98,54.4,182,159,251,83,0.388,0.433,0.179,44,62
TXN000077,S002,2024-10-16,Wednesday,344,16342.81,47.51,249,196,303,117,0.381,0.456,0.163,55,102
TXN000078,S003,2024-10-16,Wednesday,247,9827.13,39.79,164,149,218,64,0.419,0.473,0.108,48,52
TXN000079,S004,2024-10-16,Wednesday,318,14299.67,44.97,229,191,267,106,0.419,0.419,0.162,65,75
TXN000080,S005,2024-10-16,Wednesday,394,17794.94,45.16,290,250,331,129,0.379,0.475,0.146,79,111
TXN000081,S001,2024-10-17,Thursday,261,10693.46,40.97,184,169,227,69,0.388,0.428,0.185,53,66
TXN000082,S002,2024-10-17,Thursday,315,13052.2,41.44,210,195,279,86,0.404,0.403,0.192,70,85
TXN000083,S003,2024-10-17,Thursday,262,11193.05,42.72,187,165,248,78,0.353,0.44,0.207,54,75
TXN000084,S004,2024-10-17,Thursday,322,14105.57,43.81,226,191,292,93,0.396,0.412,0.192,63,95
TXN000085,S005,2024-10-17,Thursday,333,16268.41,48.85,238,211,308,111,0.377,0.425,0.198,73,91
TXN000086,S001,2024-10-18,Friday,435,15537.32,35.72,285,266,408,152,0.402,0.435,0.163,69,114
TXN000087,S002,2024-10-18,Friday,498,21849.04,43.87,358,318,401,164,0.371,0.43,0.199,81,126
TXN000088,S003,2024-10-18,Friday,342,17390.83,50.85,228,190,318,106,0.367,0.473,0.16,56,84
TXN000089,S004,2024-10-18,Friday,376,15080.06,40.11,244,237,351,119,0.361,0.435,0.204,69,97
TXN000090,S005,2024-10-18,Friday,510,22177.95,43.49,344,323,423,147,0.384,0.419,0.197,105,131
TXN000091,S001,2024-10-19,Saturday,449,18366.17,40.9,335,276,377,137,0.398,0.46,0.142,69,117
TXN000092,S002,2024-10-19,Saturday,447,23728.15,53.08,303,281,398,127,0.395,0.45,0.156,97,121
TXN000093,S003,2024-10-19,Saturday,352,18221.89,51.77,250,225,315,98,0.381,0.446,0.173,78,73
TXN000094,S004,2024-10-19,Saturday,381,19030.8,49.95,254,214,335,132,0.387,0.473,0.14,88,85
TXN000095,S005,2024-10-19,Saturday,537,23970.05,44.64,392,335,456,140,0.417,0.411,0.171,132,153
TXN000096,S001,2024-10-20,Sunday,298,16270.46,54.6,222,187,254,98,0.351,0.443,0.206,58,79
TXN000097,S002,2024-10-20,Sunday,336,15688.24,46.69,246,216,274,91,0.352,0.471,0.178,69,97
TXN000098,S003,2024-10-20,Sunday,219,7941.89,36.26,160,140,185,63,0.36,0.476,0.165,39,54
TXN000099,S004,2024-10-20,Sunday,254,13397.28,52.75,168,151,228,82,0.416,0.434,0.15,56,54
TXN000100,S005,2024-10-20,Sunday,341,12610.33,36.98,238,201,321,86,0.376,0.435,0.189,83,97
TXN000101,S001,2024-10-21,Monday,246,11983.55,48.71,173,159,210,71,0.363,0.41,0.227,57,60
TXN000102,S002,2024-10-21,Monday,335,16024.42,47.83,237,184,307,91,0.359,0.445,0.196,52,92
TXN000103,S003,2024-10-21,Monday,218,8571.55,39.32,160,127,179,74,0.35,0.469,0.181,35,46
TXN000104,S004,2024-10-21,Monday,268,10315.3,38.49,191,148,214,88,0.367,0.426,0.207,44,55
TXN000105,S005,2024-10-21,Monday,375,17070.64,45.52,271,224,343,112,0.358,0.44,0.202,91,76
TXN000106,S001,2024-10-22,Tuesday,303,15858.9,52.34,212,180,286,77,0.384,0.432,0.184,66,75
TXN000107,S002,2024-10-22,Tuesday,359,13092.66,36.47,236,219,290,99,0.394,0.444,0.162,65,107
TXN000108,S003,2024-10-22,Tuesday,242,10665.98,44.07,171,135,219,81,0.396,0.462,0.143,53,53
TXN000109,S004,2024-10-22,Tuesday,285,11277.41,39.57,194,169,245,73,0.38,0.453,0.167,53,61
TXN000110,S005,2024-10-22,Tuesday,394,14319.01,36.34,288,220,320,127,0.407,0.445,0.149,82,100
TXN000111,S001,2024-10-23,Wednesday,265,9922.83,37.44,181,163,241,89,0.4,0.477,0.122,55,62
TXN000112,S002,2024-10-23,Wednesday,327,12836.31,39.25,234,187,266,109,0.376,0.461,0.163,67,91
TXN000113,S003,2024-10-23,Wednesday,264,14385.61,54.49,193,161,236,66,0.415,0.466,0.119,46,57
TXN000114,S004,2024-10-23,Wednesday,307,12642.17,41.18,209,169,285,94,0.378,0.411,0.211,65,62
TXN000115,S005,2024-10-23,Wednesday,375,14738.5,39.3,259,219,320,120,0.404,0.445,0.15,59,76
TXN000116,S001,2024-10-24,Thursday,251,11886.55,47.36,180,144,225,74,0.381,0.422,0.197,56,53
TXN000117,S002,2024-10-24,Thursday,313,12728.12,40.66,224,187,281,79,0.378,0.448,0.174,47,72
TXN000118,S003,2024-10-24,Thursday,219,8266.09,37.74,147,127,175,71,0.362,0.43,0.207,48,54
TXN000119,S004,2024-10-24,Thursday,319,16308.56,51.12,209,202,257,80,0.414,0.469,0.117,66,82
TXN000120,S005,2024-10-24,Thursday,371,16084.29,43.35,245,204,314,122,0.393,0.467,0.14,89,77
TXN000121,S001,2024-10-25,Friday,432,17222.25,39.87,306,260,371,121,0.374,0.427,0.2,72,108
TXN000122,S002,2024-10-25,Friday,396,17898.82,45.2,293,231,360,131,0.407,0.419,0.174,65,87
TXN000123,S003,2024-10-25,Friday,346,17370.69,50.2,247,196,316,103,0.403,0.461,0.136,67,101
TXN000124,S004,2024-10-25,Friday,413,19702.56,47.71,294,262,369,109,0.355,0.435,0.21,74,93
TXN000125,S005,2024-10-25,Friday,424,19142.22,45.15,288,252,342,141,0.355,0.469,0.175,99,110
TXN000126,S001,2024-10-26,Saturday,392,17347.66,44.25,276,246,366,115,0.407,0.452,0.141,71,97
TXN000127,S002,2024-10-26,Saturday,401,14531.23,36.24,264,256,341,128,0.385,0.414,0.201,70,97
TXN000128,S003,2024-10-26,Saturday,329,14954.68,45.45,219,193,277,95,0.374,0.448,0.178,75,87
TXN000129,S004,2024-10-26,Saturday,353,13022.21,36.89,253,204,320,111,0.413,0.47,0.117,64,91
TXN000130,S005,2024-10-26,Saturday,437,18352.43,42.0,326,270,375,135,0.416,0.425,0.16,82,121
TXN000131,S001,2024-10-27,Sunday,306,14811.11,48.4,224,190,276,92,0.395,0.434,0.171,56,72
TXN000132,S002,2024-10-27,Sunday,289,11353.03,39.28,215,173,241,76,0.355,0.468,0.177,46,80
TXN000133,S003,2024-10-27,Sunday,264,13905.84,52.67,172,154,241,69,0.376,0.413,0.211,61,73
TXN000134,S004,2024-10-27,Sunday,316,12106.21,38.31,219,186,284,86,0.381,0.423,0.196,71,77
TXN000135,S005,2024-10-27,Sunday,353,14539.84,41.19,257,210,326,101,0.416,0.479,0.105,69,80
TXN000136,S001,2024-10-28,Monday,270,12298.28,45.55,201,170,248,71,0.368,0.451,0.181,64,68
TXN000137,S002,2024-10-28,Monday,281,14588.91,51.92,206,162,256,77,0.413,0.412,0.175,54,82
TXN000138,S003,2024-10-28,Monday,219,9640.94,44.02,150,121,176,65,0.367,0.48,0.154,41,44
TXN000139,S004,2024-10-28,Monday,327,16933.21,51.78,233,205,268,91,0.408,0.456,0.136,53,88
TXN000140,S005,2024-10-28,Monday,344,12076.13,35.11,226,198,318,104,0.401,0.442,0.157,55,78
TXN000141,S001,2024-10-29,Tuesday,263,9456.16,35.95,181,165,228,68,0.413,0.448,0.139,39,66
TXN000142,S002,2024-10-29,Tuesday,295,11172.1,37.87,204,180,246,86,0.397,0.407,0.197,73,60
TXN000143,S003,2024-10-29,Tuesday,241,10880.32,45.15,180,145,206,71,0.394,0.478,0.127,42,48
TXN000144,S004,2024-10-29,Tuesday,315,13197.26,41.9,227,193,288,101,0.373,0.404,0.223,64,88
TXN000145,S005,2024-10-29,Tuesday,315,15933.6,50.58,219,195,281,104,0.354,0.462,0.183,61,72
TXN000146,S001,2024-10-30,Wednesday,241,9396.44,38.99,157,155,211,84,0.388,0.42,0.192,54,52
TXN000147,S002,2024-10-30,Wednesday,306,15488.75,50.62,225,178,250,87,0.412,0.459,0.128,73,73
TXN000148,S003,2024-10-30,Wednesday,274,12309.19,44.92,191,176,240,90,0.401,0.406,0.193,57,77
TXN000149,S004,2024-10-30,Wednesday,293,12137.3,41.42,192,180,247,90,0.38,0.455,0.165,54,59
TXN000150,S005,2024-10-30,Wednesday,388,16315.86,42.05,290,224,367,133,0.355,0.451,0.194,72,108
TXN000151,S001,2024-10-31,Thursday,295,15946.46,54.06,195,180,270,74,0.355,0.462,0.183,55,70
TXN000152,S002,2024-10-31,Thursday,326,15355.22,47.1,234,210,278,106,0.39,0.442,0.167,61,86
TXN000153,S003,2024-10-31,Thursday,221,8236.44,37.27,159,132,189,67,0.368,0.421,0.211,43,66
TXN000154,S004,2024-10-31,Thursday,271,14452.32,53.33,189,152,251,80,0.413,0.436,0.151,43,72
TXN000155,S005,2024-10-31,Thursday,386,15977.22,41.39,264,214,340,130,0.41,0.457,0.133,93,101
TXN000156,S001,2024-11-01,Friday,426,19244.6,45.18,282,242,349,140,0.352,0.444,0.204,79,119
TXN000157,S002,2024-11-01,Friday,454,21446.49,47.24,299,263,431,146,0.387,0.462,0.152,105,94
TXN000158,S003,2024-11-01,Friday,383,18325.31,47.85,266,236,326,129,0.405,0.451,0.144,64,113
TXN000159,S004,2024-11-01,Friday,397,21126.06,53.21,260,223,326,105,0.373,0.457,0.171,73,116
TXN000160,S005,2024-11-01,Friday,548,28451.43,51.92,369,336,483,143,0.371,0.443,0.186,109,118
TXN000161,S001,2024-11-02,Saturday,443,16871.16,38.08,317,275,394,148,0.389,0.466,0.145,67,90
TXN000162,S002,2024-11-02,Saturday,467,21732.04,46.54,333,292,402,146,0.385,0.45,0.165,83,138
TXN000163,S003,2024-11-02,Saturday,334,17065.32,51.09,239,193,270,85,0.381,0.439,0.18,56,87
TXN000164,S004,2024-11-02,Saturday,383,18907.66,49.37,277,243,362,100,0.376,0.445,0.179,69,94
TXN000165,S005,2024-11-02,Saturday,455,18181.06,39.96,300,263,390,141,0.367,0.469,0.163,75,105
TXN000166,S001,2024-11-03,Sunday,286,11798.73,41.25,207,171,250,85,0.372,0.402,0.227,69,71
TXN000167,S002,2024-11-03,Sunday,364,14306.25,39.3,249,202,318,123,0.396,0.438,0.167,74,103
TXN000168,S003,2024-11-03,Sunday,235,12372.54,52.65,169,147,200,68,0.39,0.416,0.195,48,48
TXN000169,S004,2024-11-03,Sunday,290,14583.54,50.29,196,188,261,75,0.418,0.432,0.15,66,67
TXN000170,S005,2024-11-03,Sunday,396,19839.32,50.1,265,237,346,100,0.36,0.427,0.214,78,97
TXN000171,S001,2024-11-04,Monday,288,13049.31,45.31,196,176,237,100,0.402,0.424,0.174,52,81
TXN000172,S002,2024-11-04,Monday,323,15883.46,49.17,219,203,276,102,0.419,0.447,0.135,74,88
TXN000173,S003,2024-11-04,Monday,253,8989.83,35.53,176,163,232,82,0.39,0.458,0.152,52,54
TXN000174,S004,2024-11-04,Monday,301,14265.81,47.39,220,169,271,76,0.416,0.409,0.175,45,69
TXN000175,S005,2024-11-04,Monday,313,15277.53,48.81,216,196,293,105,0.402,0.405,0.194,51,69
TXN000176,S001,2024-11-05,Tuesday,265,12784.8,48.24,186,154,218,90,0.374,0.428,0.198,60,72
TXN000177,S002,2024-11-05,Tuesday,333,16272.47,48.87,236,189,278,101,0.366,0.478,0.156,59,76
TXN000178,S003,2024-11-05,Tuesday,218,10703.75,49.1,148,127,204,71,0.369,0.41,0.221,47,51
TXN000179,S004,2024-11-05,Tuesday,331,17002.66,51.37,246,208,279,92,0.4,0.428,0.172,64,74
TXN000180,S005,2024-11-05,Tuesday,347,13547.35,39.04,244,223,313,91,0.393,0.447,0.16,60,92
TXN000181,S001,2024-11-06,Wednesday,282,13468.01,47.76,184,166,255,73,0.404,0.4,0.196,57,82
TXN000182,S002,2024-11-06,Wednesday,311,16700.9,53.7,229,185,258,107,0.372,0.452,0.176,74,64
TXN000183,S003,2024-11-06,Wednesday,245,11197.25,45.7,176,157,229,65,0.412,0.414,0.174,59,73
TXN000184,S004,2024-11-06,Wednesday,281,12619.06,44.91,208,181,263,94,0.351,0.445,0.204,45,83
TXN000185,S005,2024-11-06,Wednesday,327,17913.71,54.78,230,196,307,109,0.383,0.415,0.202,52,70
TXN000186,S001,2024-11-07,Thursday,276,11080.1,40.15,184,172,253,84,0.403,0.414,0.183,65,79
TXN000187,S002,2024-11-07,Thursday,351,15902.27,45.31,231,216,290,92,0.373,0.42,0.208,61,78
TXN000188,S003,2024-11-07,Thursday,258,13952.82,54.08,175,160,206,81,0.398,0.405,0.197,41,59
TXN000189,S004,2024-11-07,Thursday,281,12659.17,45.05,207,174,237,73,0.414,0.424,0.162,59,62
TXN000190,S005,2024-11-07,Thursday,311,11837.81,38.06,225,189,268,94,0.383,0.443,0.174,67,68
TXN000191,S001,2024-11-08,Friday,362,18134.31,50.09,266,202,313,115,0.355,0.445,0.199,56,92
TXN000192,S002,2024-11-08,Friday,448,20811.41,46.45,297,261,393,117,0.364,0.447,0.189,71,112
TXN000193,S003,2024-11-08,Friday,367,16173.19,44.07,257,218,296,108,0.406,0.458,0.136,69,103
TXN000194,S004,2024-11-08,Friday,435,20256.31,46.57,284,254,352,151,0.415,0.406,0.179,105,88
TXN000195,S005,2024-11-08,Friday,476,23980.61,50.38,345,308,426,139,0.419,0.431,0.15,112,138
TXN000196,S001,2024-11-09,Saturday,377,18342.79,48.65,269,227,338,107,0.362,0.443,0.195,76,102
TXN000197,S002,2024-11-09,Saturday,410,14378.48,35.07,267,237,369,124,0.387,0.466,0.147,71,96
TXN000198,S003,2024-11-09,Saturday,313,16823.19,53.75,226,175,288,91,0.404,0.471,0.126,47,69
TXN000199,S004,2024-11-09,Saturday,357,12734.73,35.67,253,221,288,115,0.378,0.419,0.203,61,102
TXN000200,S005,2024-11-09,Saturday,424,19113.04,45.08,287,267,385,119,0.392,0.454,0.154,77,97
TXN000201,S001,2024-11-10,Sunday,250,12051.06,48.2,168,145,202,86,0.412,0.473,0.115,53,60
TXN000202,S002,2024-11-10,Sunday,319,17368.21,54.45,237,196,292,89,0.379,0.412,0.209,59,87
TXN000203,S003,2024-11-10,Sunday,238,12372.86,51.99,161,147,219,81,0.389,0.477,0.133,48,50
TXN000204,S004,2024-11-10,Sunday,267,10430.82,39.07,190,171,247,69,0.401,0.415,0.184,47,71
TXN000205,S005,2024-11-10,Sunday,360,18890.07,52.47,240,225,327,110,0.384,0.47,0.147,65,106
TXN000206,S001,2024-11-11,Monday,239,12844.62,53.74,178,134,227,71,0.367,0.448,0.185,40,69
TXN000207,S002,2024-11-11,Monday,324,16365.33,50.51,222,195,276,89,0.386,0.44,0.174,51,96
TXN000208,S003,2024-11-11,Monday,237,12275.33,51.79,175,139,204,72,0.365,0.412,0.223,41,69
TXN000209,S004,2024-11-11,Monday,296,12832.06,43.35,196,172,253,98,0.385,0.452,0.163,64,66
TXN000210,S005,2024-11-11,Monday,383,20808.45,54.33,273,229,316,126,0.362,0.458,0.181,76,111
TXN000211,S001,2024-11-12,Tuesday,283,13537.64,47.84,185,156,262,97,0.397,0.461,0.142,54,80
TXN000212,S002,2024-11-12,Tuesday,294,14448.16,49.14,191,176,251,91,0.397,0.449,0.154,58,73
TXN000213,S003,2024-11-12,Tuesday,204,9390.71,46.03,132,123,171,70,0.351,0.465,0.184,44,57
TXN000214,S004,2024-11-12,Tuesday,325,12070.61,37.14,214,183,269,98,0.407,0.421,0.172,61,77
TXN000215,S005,2024-11-12,Tuesday,340,15742.01,46.3,254,194,306,113,0.396,0.469,0.136,76,71
TXN000216,S001,2024-11-13,Wednesday,269,12388.53,46.05,176,148,222,80,0.38,0.463,0.157,55,76
TXN000217,S002,2024-11-13,Wednesday,281,12803.25,45.56,183,160,261,95,0.383,0.404,0.213,44,82
TXN000218,S003,2024-11-13,Wednesday,268,12400.41,46.27,175,172,227,92,0.391,0.46,0.149,59,64
TXN000219,S004,2024-11-13,Wednesday,253,9677.0,38.25,170,160,217,85,0.373,0.46,0.166,41,75
TXN000220,S005,2024-11-13,Wednesday,373,16790.91,45.02,278,207,322,124,0.374,0.462,0.165,91,89
TXN000221,S001,2024-11-14,Thursday,302,10748.94,35.59,204,196,263,86,0.416,0.435,0.15,65,80
TXN000222,S002,2024-11-14,Thursday,280,13264.25,47.37,204,173,227,74,0.4,0.451,0.149,62,64
TXN000223,S003,2024-11-14,Thursday,211,7406.92,35.1,143,123,177,55,0.363,0.436,0.201,43,50
TXN000224,S004,2024-11-14,Thursday,248,10435.41,42.08,163,151,210,71,0.37,0.431,0.199,39,71
TXN000225,S005,2024-11-14,Thursday,392,21388.88,54.56,277,222,335,103,0.371,0.439,0.189,61,95
TXN000226,S001,2024-11-15,Friday,382,17069.53,44.68,251,219,319,119,0.392,0.416,0.193,61,88
TXN000227,S002,2024-11-15,Friday,508,21155.33,41.64,361,320,431,144,0.407,0.469,0.124,125,108
TXN000228,S003,2024-11-15,Friday,317,17100.75,53.95,212,184,299,109,0.37,0.456,0.174,63,81
TXN000229,S004,2024-11-15,Friday,374,15902.89,42.52,273,220,305,114,0.391,0.444,0.165,81,95
TXN000230,S005,2024-11-15,Friday,556,24593.24,44.23,400,330,469,177,0.407,0.464,0.129,106,138
TXN000231,S001,2024-11-16,Saturday,407,16215.05,39.84,291,252,373,104,0.419,0.438,0.142,77,102
TXN000232,S002,2024-11-16,Saturday,504,24612.43,48.83,354,317,430,171,0.388,0.451,0.161,79,139
TXN000233,S003,2024-11-16,Saturday,351,14777.16,42.1,250,194,332,111,0.378,0.46,0.162,86,85
TXN000234,S004,2024-11-16,Saturday,346,13900.47,40.17,242,208,306,106,0.381,0.431,0.188,78,89
TXN000235,S005,2024-11-16,Saturday,490,20530.68,41.9,319,274,422,169,0.358,0.475,0.167,80,113
TXN000236,S001,2024-11-17,Sunday,276,10801.91,39.14,192,164,238,88,0.372,0.424,0.204,63,58
TXN000237,S002,2024-11-17,Sunday,353,16929.67,47.96,253,199,334,96,0.362,0.413,0.225,72,104
TXN000238,S003,2024-11-17,Sunday,220,9482.21,43.1,147,135,190,55,0.393,0.416,0.191,46,52
TXN000239,S004,2024-11-17,Sunday,307,12008.52,39.12,222,193,248,79,0.411,0.415,0.174,56,75
TXN000240,S005,2024-11-17,Sunday,325,16982.14,52.25,228,199,289,101,0.391,0.428,0.181,76,85
TXN000241,S001,2024-11-18,Monday,306,15030.65,49.12,208,187,248,80,0.358,0.424,0.217,51,82
TXN000242,S002,2024-11-18,Monday,321,13920.1,43.36,213,188,265,100,0.399,0.452,0.15,80,82
TXN000243,S003,2024-11-18,Monday,239,9035.62,37.81,162,142,193,68,0.351,0.411,0.238,55,70
TXN000244,S004,2024-11-18,Monday,290,13020.83,44.9,208,171,268,86,0.356,0.402,0.242,65,66
TXN000245,S005,2024-11-18,Monday,326,14915.21,45.75,217,194,297,106,0.388,0.409,0.202,52,90
TXN000246,S001,2024-11-19,Tuesday,307,12997.53,42.34,224,170,278,93,0.419,0.408,0.173,71,84
TXN000247,S002,2024-11-19,Tuesday,300,16495.88,54.99,208,175,276,88,0.42,0.462,0.118,52,84
TXN000248,S003,2024-11-19,Tuesday,246,10335.1,42.01,177,150,202,64,0.364,0.417,0.219,38,57
TXN000249,S004,2024-11-19,Tuesday,270,12359.35,45.78,184,167,227,74,0.41,0.479,0.111,58,56
TXN000250,S005,2024-11-19,Tuesday,398,20184.1,50.71,295,258,370,104,0.411,0.42,0.169,88,112
TXN000251,S001,2024-11-20,Wednesday,301,14605.93,48.52,210,182,252,87,0.382,0.451,0.168,71,63
TXN000252,S002,2024-11-20,Wednesday,321,13021.21,40.56,238,188,302,90,0.35,0.462,0.188,71,87
TXN000253,S003,2024-11-20,Wednesday,237,11443.04,48.28,162,131,208,64,0.38,0.417,0.203,41,67
TXN000254,S004,2024-11-20,Wednesday,275,12803.64,46.56,194,164,234,87,0.353,0.408,0.239,62,67
TXN000255,S005,2024-11-20,Wednesday,310,16167.44,52.15,215,170,292,83,0.398,0.411,0.191,66,66
TXN000256,S001,2024-11-21,Thursday,316,12791.8,40.48,226,181,270,107,0.362,0.432,0.207,57,85
TXN000257,S002,2024-11-21,Thursday,294,14144.25,48.11,211,161,256,77,0.366,0.454,0.18,44,79
TXN000258,S003,2024-11-21,Thursday,262,14347.93,54.76,181,147,212,75,0.401,0.408,0.191,47,75
TXN000259,S004,2024-11-21,Thursday,258,13021.06,50.47,187,145,244,68,0.387,0.401,0.212,55,62
TXN000260,S005,2024-11-21,Thursday,373,17740.48,47.56,248,220,336,125,0.356,0.408,0.236,84,96
TXN000261,S001,2024-11-22,Friday,378,20512.16,54.26,257,213,318,97,0.389,0.448,0.163,79,105
TXN000262,S002,2024-11-22,Friday,473,24576.06,51.96,338,274,415,142,0.402,0.424,0.174,73,137
TXN000263,S003,2024-11-22,Friday,381,17106.04,44.9,251,228,338,115,0.418,0.479,0.103,92,81
TXN000264,S004,2024-11-22,Friday,449,20819.06,46.37,308,277,410,155,0.404,0.401,0.195,70,101
TXN000265,S005,2024-11-22,Friday,422,15280.36,36.21,307,253,377,126,0.379,0.456,0.165,66,107
TXN000266,S001,2024-11-23,Saturday,405,16422.49,40.55,275,243,336,133,0.388,0.431,0.181,86,114
TXN000267,S002,2024-11-23,Saturday,472,17144.13,36.32,339,294,437,120,0.356,0.435,0.209,92,123
TXN000268,S003,2024-11-23,Saturday,316,15747.5,49.83,228,177,286,101,0.361,0.476,0.162,63,87
TXN000269,S004,2024-11-23,Saturday,432,16562.56,38.34,286,271,363,146,0.404,0.402,0.194,99,98
TXN000270,S005,2024-11-23,Saturday,425,20929.75,49.25,300,237,369,121,0.385,0.445,0.17,79,95
TXN000271,S001,2024-11-24,Sunday,246,11433.65,46.48,177,140,215,62,0.41,0.42,0.17,48,58
TXN000272,S002,2024-11-24,Sunday,286,15336.24,53.62,210,173,268,92,0.379,0.426,0.195,54,77
TXN000273,S003,2024-11-24,Sunday,223,8152.38,36.56,153,133,208,59,0.406,0.479,0.115,54,46
TXN000274,S004,2024-11-24,Sunday,286,11624.8,40.65,210,166,252,71,0.364,0.445,0.191,51,75
TXN000275,S005,2024-11-24,Sunday,346,16204.5,46.83,241,217,286,117,0.403,0.42,0.177,52,83
TXN000276,S001,2024-11-25,Monday,257,10775.62,41.93,188,163,242,64,0.396,0.468,0.136,57,54
TXN000277,S002,2024-11-25,Monday,322,12803.8,39.76,225,179,305,103,0.357,0.474,0.17,77,81
TXN000278,S003,2024-11-25,Monday,254,10782.26,42.45,189,141,206,66,0.407,0.406,0.187,52,61
TXN000279,S004,2024-11-25,Monday,330,13112.69,39.74,223,191,303,105,0.401,0.425,0.173,58,68
TXN000280,S005,2024-11-25,Monday,318,16090.4,50.6,225,179,262,94,0.378,0.443,0.179,78,70
TXN000281,S001,2024-11-26,Tuesday,263,10598.94,40.3,174,148,237,87,0.399,0.403,0.198,61,61
TXN000282,S002,2024-11-26,Tuesday,280,11190.03,39.96,191,168,252,77,0.419,0.402,0.178,53,68
TXN000283,S003,2024-11-26,Tuesday,257,10279.24,40.0,178,162,210,64,0.408,0.479,0.113,41,72
TXN000284,S004,2024-11-26,Tuesday,278,13234.45,47.61,198,169,233,92,0.352,0.405,0.243,66,67
TXN000285,S005,2024-11-26,Tuesday,311,16514.58,53.1,227,181,250,92,0.362,0.446,0.192,72,74
TXN000286,S001,2024-11-27,Wednesday,240,11679.42,48.66,160,137,198,66,0.412,0.403,0.185,50,53
TXN000287,S002,2024-11-27,Wednesday,300,12971.95,43.24,211,166,252,79,0.364,0.471,0.165,60,78
TXN000288,S003,2024-11-27,Wednesday,261,13284.1,50.9,195,163,222,79,0.384,0.473,0.143,52,62
TXN000289,S004,2024-11-27,Wednesday,262,10840.92,41.38,176,167,240,67,0.419,0.442,0.138,59,78
TXN000290,S005,2024-11-27,Wednesday,399,14764.07,37.0,285,230,368,136,0.354,0.48,0.166,68,113
TXN000291,S001,2024-11-28,Thursday,304,12797.21,42.1,223,192,251,94,0.406,0.456,0.138,73,61
TXN000292,S002,2024-11-28,Thursday,339,18289.45,53.95,239,205,280,118,0.412,0.439,0.149,61,84
TXN000293,S003,2024-11-28,Thursday,210,8327.02,39.65,141,126,168,71,0.364,0.41,0.225,46,61
TXN000294,S004,2024-11-28,Thursday,319,13229.5,41.47,208,194,299,104,0.409,0.469,0.122,78,75
TXN000295,S005,2024-11-28,Thursday,396,16993.12,42.91,261,229,324,105,0.416,0.463,0.12,97,104
TXN000296,S001,2024-11-29,Friday,353,19194.32,54.37,253,226,324,96,0.391,0.414,0.195,63,94
TXN000297,S002,2024-11-29,Friday,397,19681.92,49.58,295,256,340,138,0.418,0.403,0.18,83,115
TXN000298,S003,2024-11-29,Friday,383,15097.06,39.42,270,246,314,124,0.367,0.479,0.155,63,110
TXN000299,S004,2024-11-29,Friday,355,17458.66,49.18,253,226,307,98,0.367,0.405,0.227,62,74
TXN000300,S005,2024-11-29,Friday,416,17771.0,42.72,300,269,387,124,0.377,0.444,0.18,66,103
TXN000301,S001,2024-11-30,Saturday,434,20840.42,48.02,311,245,351,145,0.371,0.425,0.204,106,90
TXN000302,S002,2024-11-30,Saturday,403,17131.19,42.51,291,243,376,104,0.392,0.449,0.159,79,81
TXN000303,S003,2024-11-30,Saturday,380,14553.98,38.3,280,214,309,102,0.363,0.456,0.181,84,103
TXN000304,S004,2024-11-30,Saturday,377,15317.68,40.63,254,209,333,125,0.361,0.429,0.21,72,86
TXN000305,S005,2024-11-30,Saturday,513,24113.21,47.0,343,283,423,143,0.356,0.468,0.177,92,122
TXN000306,S001,2024-12-01,Sunday,279,13453.6,48.22,183,168,230,94,0.376,0.436,0.188,49,68
TXN000307,S002,2024-12-01,Sunday,293,11828.77,40.37,192,183,263,75,0.374,0.443,0.183,72,75
TXN000308,S003,2024-12-01,Sunday,243,12591.27,51.82,177,143,213,81,0.383,0.471,0.146,48,50
TXN000309,S004,2024-12-01,Sunday,325,16017.99,49.29,227,208,299,103,0.393,0.41,0.197,73,70
TXN000310,S005,2024-12-01,Sunday,400,21777.32,54.44,292,225,345,139,0.38,0.48,0.14,85,113
TXN000311,S001,2024-12-02,Monday,259,13782.97,53.22,192,144,222,75,0.373,0.422,0.205,50,74
TXN000312,S002,2024-12-02,Monday,347,16469.02,47.46,243,205,299,91,0.391,0.461,0.148,84,101
TXN000313,S003,2024-12-02,Monday,244,9032.83,37.02,165,147,207,71,0.377,0.439,0.184,51,49
TXN000314,S004,2024-12-02,Monday,270,10226.8,37.88,191,167,217,91,0.373,0.419,0.208,60,78
TXN000315,S005,2024-12-02,Monday,391,13843.22,35.4,286,226,329,116,0.399,0.408,0.193,92,83
TXN000316,S001,2024-12-03,Tuesday,319,13992.05,43.86,233,184,275,100,0.363,0.417,0.22,74,87
TXN000317,S002,2024-12-03,Tuesday,344,18006.26,52.34,251,206,283,96,0.385,0.411,0.204,80,99
TXN000318,S003,2024-12-03,Tuesday,206,8004.19,38.86,151,130,172,60,0.414,0.456,0.129,36,58
TXN000319,S004,2024-12-03,Tuesday,290,13835.38,47.71,192,160,248,89,0.362,0.47,0.168,60,68
TXN000320,S005,2024-12-03,Tuesday,314,16607.41,52.89,227,194,264,90,0.361,0.446,0.193,77,89
TXN000321,S001,2024-12-04,Wednesday,292,14177.74,48.55,197,172,234,95,0.404,0.401,0.196,70,77
TXN000322,S002,2024-12-04,Wednesday,329,11570.69,35.17,222,207,278,114,0.395,0.434,0.171,61,77
TXN000323,S003,2024-12-04,Wednesday,222,9842.14,44.33,159,140,190,57,0.386,0.453,0.161,52,52
TXN000324,S004,2024-12-04,Wednesday,302,14248.66,47.18,205,169,244,105,0.395,0.469,0.136,53,81
TXN000325,S005,2024-12-04,Wednesday,391,16021.55,40.98,260,244,365,129,0.406,0.448,0.146,84,104
TXN000326,S001,2024-12-05,Thursday,298,14336.19,48.11,223,171,257,86,0.352,0.457,0.191,61,65
TXN000327,S002,2024-12-05,Thursday,341,13451.52,39.45,239,214,319,108,0.386,0.468,0.147,79,98
TXN000328,S003,2024-12-05,Thursday,217,8018.6,36.95,143,124,199,70,0.363,0.454,0.183,39,45
TXN000329,S004,2024-12-05,Thursday,277,13817.92,49.88,188,174,235,76,0.371,0.468,0.161,54,79
TXN000330,S005,2024-12-05,Thursday,358,19291.2,53.89,235,228,313,120,0.377,0.424,0.199,55,102
TXN000331,S001,2024-12-06,Friday,349,13613.07,39.01,241,211,326,103,0.372,0.457,0.171,79,86
TXN000332,S002,2024-12-06,Friday,465,17919.47,38.54,331,255,391,151,0.362,0.461,0.177,92,128
TXN000333,S003,2024-12-06,Friday,294,13903.14,47.29,209,173,277,84,0.353,0.416,0.231,55,59
TXN000334,S004,2024-12-06,Friday,384,19839.2,51.66,256,237,343,105,0.399,0.428,0.174,62,91
TXN000335,S005,2024-12-06,Friday,503,19285.22,38.34,368,291,424,162,0.392,0.427,0.181,120,150
TXN000336,S001,2024-12-07,Saturday,373,19779.32,53.03,255,212,351,127,0.378,0.418,0.203,83,79
TXN000337,S002,2024-12-07,Saturday,479,22414.26,46.79,319,281,429,121,0.411,0.42,0.168,97,98
TXN000338,S003,2024-12-07,Saturday,385,18572.17,48.24,275,212,347,112,0.377,0.444,0.18,76,82
TXN000339,S004,2024-12-07,Saturday,429,20423.07,47.61,291,264,385,118,0.392,0.411,0.197,99,90
TXN000340,S005,2024-12-07,Saturday,522,19499.15,37.35,345,292,433,140,0.368,0.442,0.19,88,141
TXN000341,S001,2024-12-08,Sunday,262,9376.49,35.79,183,149,246,74,0.35,0.454,0.196,63,74
TXN000342,S002,2024-12-08,Sunday,336,12762.25,37.98,221,201,305,87,0.368,0.418,0.214,83,77
TXN000343,S003,2024-12-08,Sunday,237,8768.09,37.0,158,131,199,78,0.372,0.459,0.169,37,65
TXN000344,S004,2024-12-08,Sunday,250,13009.99,52.04,179,141,213,73,0.394,0.47,0.136,39,70
TXN000345,S005,2024-12-08,Sunday,316,13592.91,43.02,235,182,271,105,0.406,0.452,0.142,72,66
TXN000346,S001,2024-12-09,Monday,296,10707.19,36.17,220,167,255,91,0.406,0.454,0.14,49,70
TXN000347,S002,2024-12-09,Monday,306,10886.36,35.58,219,193,289,80,0.414,0.409,0.177,58,62
TXN000348,S003,2024-12-09,Monday,222,9165.22,41.28,159,137,203,68,0.39,0.478,0.132,48,51
TXN000349,S004,2024-12-09,Monday,292,14311.39,49.01,192,179,244,83,0.397,0.431,0.172,68,74
TXN000350,S005,2024-12-09,Monday,401,14472.62,36.09,286,226,371,134,0.411,0.406,0.183,79,89
TXN000351,S001,2024-12-10,Tuesday,319,11486.24,36.01,214,195,274,87,0.382,0.464,0.154,62,91
TXN000352,S002,2024-12-10,Tuesday,314,11735.48,37.37,219,193,256,91,0.389,0.4,0.211,49,81
TXN000353,S003,2024-12-10,Tuesday,248,10190.81,41.09,173,141,223,85,0.375,0.404,0.22,42,60
TXN000354,S004,2024-12-10,Tuesday,295,13981.57,47.4,205,181,267,77,0.403,0.418,0.179,54,83
TXN000355,S005,2024-12-10,Tuesday,398,16254.19,40.84,279,246,321,106,0.36,0.457,0.183,88,83
TXN000356,S001,2024-12-11,Wednesday,289,11199.0,38.75,214,170,251,94,0.4,0.409,0.191,55,84
TXN000357,S002,2024-12-11,Wednesday,352,16465.23,46.78,255,209,316,121,0.359,0.44,0.201,71,72
TXN000358,S003,2024-12-11,Wednesday,271,14031.38,51.78,189,162,254,72,0.39,0.458,0.151,44,64
TXN000359,S004,2024-12-11,Wednesday,298,15690.87,52.65,208,175,282,101,0.403,0.422,0.175,73,88
TXN000360,S005,2024-12-11,Wednesday,345,12995.27,37.67,238,213,314,96,0.399,0.469,0.132,76,101
TXN000361,S001,2024-12-12,Thursday,291,11354.17,39.02,207,168,247,92,0.419,0.452,0.129,71,72
TXN000362,S002,2024-12-12,Thursday,338,14009.3,41.45,223,197,294,103,0.397,0.433,0.17,75,96
TXN000363,S003,2024-12-12,Thursday,224,11635.91,51.95,163,134,180,59,0.397,0.416,0.187,50,48
TXN000364,S004,2024-12-12,Thursday,271,10843.04,40.01,198,167,228,88,0.352,0.465,0.183,43,77
TXN000365,S005,2024-12-12,Thursday,375,19611.31,52.3,271,227,313,123,0.406,0.423,0.171,81,109
TXN000366,S001,2024-12-13,Friday,378,20462.67,54.13,282,219,333,94,0.368,0.45,0.183,86,108
TXN000367,S002,2024-12-13,Friday,492,26189.03,53.23,354,302,449,149,0.392,0.462,0.146,121,112
TXN000368,S003,2024-12-13,Friday,303,14741.91,48.65,202,171,265,87,0.38,0.445,0.175,49,78
TXN000369,S004,2024-12-13,Friday,376,15645.83,41.61,271,212,309,106,0.354,0.475,0.172,79,100
TXN000370,S005,2024-12-13,Friday,488,22669.33,46.45,334,306,413,132,0.363,0.405,0.232,97,117
TXN000371,S001,2024-12-14,Saturday,396,14588.21,36.84,266,226,336,113,0.365,0.46,0.174,80,118
TXN000372,S002,2024-12-14,Saturday,491,26819.73,54.62,319,302,425,167,0.393,0.45,0.157,120,131
TXN000373,S003,2024-12-14,Saturday,317,16902.01,53.32,236,186,279,88,0.414,0.466,0.12,59,88
TXN000374,S004,2024-12-14,Saturday,399,14314.94,35.88,295,227,349,137,0.362,0.477,0.162,81,80
TXN000375,S005,2024-12-14,Saturday,426,20621.26,48.41,309,271,367,110,0.388,0.456,0.156,105,118
TXN000376,S001,2024-12-15,Sunday,292,15708.15,53.8,211,165,253,82,0.356,0.404,0.24,66,74
TXN000377,S002,2024-12-15,Sunday,327,12933.8,39.55,221,192,292,95,0.351,0.454,0.195,66,86
TXN000378,S003,2024-12-15,Sunday,248,12429.56,50.12,175,153,201,85,0.357,0.463,0.18,44,51
TXN000379,S004,2024-12-15,Sunday,313,13694.85,43.75,215,192,272,94,0.36,0.431,0.209,71,79
TXN000380,S005,2024-12-15,Sunday,398,15076.84,37.88,285,255,365,128,0.376,0.476,0.148,81,101
TXN000381,S001,2024-12-16,Monday,248,8704.95,35.1,175,149,233,69,0.402,0.472,0.125,45,59
TXN000382,S002,2024-12-16,Monday,334,15113.85,45.25,222,191,309,89,0.363,0.464,0.173,78,95
TXN000383,S003,2024-12-16,Monday,271,14874.18,54.89,188,163,228,69,0.357,0.458,0.185,53,63
TXN000384,S004,2024-12-16,Monday,257,12364.13,48.11,169,157,240,72,0.382,0.449,0.169,46,66
TXN000385,S005,2024-12-16,Monday,356,15055.19,42.29,242,211,285,97,0.366,0.459,0.175,68,101
TXN000386,S001,2024-12-17,Tuesday,249,12365.2,49.66,183,148,212,69,0.389,0.414,0.197,52,70
TXN000387,S002,2024-12-17,Tuesday,354,13381.21,37.8,249,204,330,91,0.355,0.401,0.243,71,71
TXN000388,S003,2024-12-17,Tuesday,245,10560.16,43.1,173,156,216,74,0.42,0.438,0.142,55,57
TXN000389,S004,2024-12-17,Tuesday,265,13367.37,50.44,191,153,230,79,0.378,0.44,0.182,57,75
TXN000390,S005,2024-12-17,Tuesday,382,18061.23,47.28,254,229,331,102,0.416,0.453,0.131,94,104
TXN000391,S001,2024-12-18,Wednesday,278,11724.9,42.18,186,166,225,79,0.353,0.417,0.23,66,65
TXN000392,S002,2024-12-18,Wednesday,317,13977.44,44.09,207,205,269,101,0.386,0.466,0.147,74,71
TXN000393,S003,2024-12-18,Wednesday,243,9349.91,38.48,173,142,218,81,0.386,0.43,0.184,58,61
TXN000394,S004,2024-12-18,Wednesday,277,14502.17,52.35,193,165,246,83,0.36,0.413,0.227,43,73
TXN000395,S005,2024-12-18,Wednesday,319,12357.46,38.74,218,198,260,87,0.407,0.458,0.136,63,79
TXN000396,S001,2024-12-19,Thursday,255,9747.36,38.22,187,140,205,78,0.361,0.45,0.188,39,65
TXN000397,S002,2024-12-19,Thursday,277,11125.76,40.17,185,178,246,84,0.351,0.458,0.191,59,63
TXN000398,S003,2024-12-19,Thursday,210,9236.65,43.98,157,133,173,69,0.392,0.464,0.144,48,45
TXN000399,S004,2024-12-19,Thursday,303,12208.0,40.29,218,177,263,93,0.366,0.431,0.203,48,66
TXN000400,S005,2024-12-19,Thursday,387,17448.74,45.09,267,218,315,115,0.393,0.403,0.204,88,96
TXN000401,S001,2024-12-20,Friday,347,15491.75,44.64,230,211,320,117,0.404,0.452,0.144,70,82
TXN000402,S002,2024-12-20,Friday,386,17600.18,45.6,259,243,354,111,0.391,0.459,0.149,87,104
TXN000403,S003,2024-12-20,Friday,295,11114.91,37.68,205,169,274,82,0.411,0.433,0.156,49,79
TXN000404,S004,2024-12-20,Friday,441,20532.85,46.56,291,242,396,140,0.372,0.429,0.199,72,116
TXN000405,S005,2024-12-20,Friday,453,23601.09,52.1,313,265,381,144,0.403,0.433,0.164,103,112
TXN000406,S001,2024-12-21,Saturday,376,17332.93,46.1,253,218,320,120,0.402,0.468,0.13,81,103
TXN000407,S002,2024-12-21,Saturday,440,21553.94,48.99,293,251,378,124,0.389,0.456,0.156,97,95
TXN000408,S003,2024-12-21,Saturday,382,13410.42,35.11,251,215,358,112,0.354,0.418,0.228,60,77
TXN000409,S004,2024-12-21,Saturday,391,21383.38,54.69,278,235,354,121,0.416,0.466,0.118,83,95
TXN000410,S005,2024-12-21,Saturday,446,21469.41,48.14,325,258,359,138,0.386,0.419,0.195,74,90
TXN000411,S001,2024-12-22,Sunday,258,9031.48,35.01,171,167,236,73,0.378,0.447,0.175,52,70
TXN000412,S002,2024-12-22,Sunday,278,10231.32,36.8,188,175,260,79,0.417,0.422,0.16,58,61
TXN000413,S003,2024-12-22,Sunday,270,12554.5,46.5,182,159,220,69,0.371,0.476,0.154,62,79
TXN000414,S004,2024-12-22,Sunday,322,16506.67,51.26,227,199,304,98,0.404,0.461,0.136,79,79
TXN000415,S005,2024-12-22,Sunday,345,16124.1,46.74,225,193,279,108,0.42,0.454,0.126,59,79
TXN000416,S001,2024-12-23,Monday,318,14414.97,45.33,207,201,266,82,0.397,0.466,0.137,50,93
TXN000417,S002,2024-12-23,Monday,317,13336.43,42.07,234,182,298,100,0.414,0.44,0.146,53,86
TXN000418,S003,2024-12-23,Monday,266,10410.06,39.14,178,152,237,70,0.357,0.474,0.169,57,70
TXN000419,S004,2024-12-23,Monday,299,15035.18,50.28,210,165,260,93,0.384,0.479,0.137,71,85
TXN000420,S005,2024-12-23,Monday,349,19086.07,54.69,258,201,290,107,0.354,0.464,0.182,69,88
TXN000421,S001,2024-12-24,Tuesday,280,12004.81,42.87,201,158,265,89,0.382,0.455,0.163,42,61
TXN000422,S002,2024-12-24,Tuesday,327,13573.35,41.51,232,188,288,89,0.383,0.449,0.168,61,81
TXN000423,S003,2024-12-24,Tuesday,219,10734.12,49.01,150,139,184,58,0.359,0.446,0.195,37,45
TXN000424,S004,2024-12-24,Tuesday,269,10683.63,39.72,186,158,221,93,0.36,0.464,0.175,45,67
TXN000425,S005,2024-12-24,Tuesday,402,20899.09,51.99,282,250,368,112,0.389,0.445,0.165,76,108
TXN000426,S001,2024-12-25,Wednesday,243,12460.16,51.28,169,148,210,68,0.375,0.445,0.18,59,54
TXN000427,S002,2024-12-25,Wednesday,273,10216.96,37.42,201,176,226,83,0.395,0.414,0.191,62,64
TXN000428,S003,2024-12-25,Wednesday,252,11276.97,44.75,182,161,216,70,0.394,0.412,0.194,42,70
TXN000429,S004,2024-12-25,Wednesday,275,13097.0,47.63,194,174,222,73,0.366,0.425,0.209,49,62
TXN000430,S005,2024-12-25,Wednesday,365,14755.11,40.42,253,232,311,112,0.418,0.433,0.149,61,73
TXN000431,S001,2024-12-26,Thursday,299,14423.89,48.24,222,185,242,79,0.357,0.405,0.238,71,76
TXN000432,S002,2024-12-26,Thursday,274,11765.63,42.94,199,152,229,72,0.396,0.471,0.133,49,61
TXN000433,S003,2024-12-26,Thursday,224,10646.63,47.53,148,141,180,70,0.41,0.426,0.164,44,66
TXN000434,S004,2024-12-26,Thursday,293,11851.35,40.45,203,189,265,78,0.392,0.45,0.158,62,75
TXN000435,S005,2024-12-26,Thursday,352,16822.28,47.79,239,205,310,116,0.381,0.429,0.19,61,81
TXN000436,S001,2024-12-27,Friday,333,17085.43,51.31,244,194,289,83,0.415,0.476,0.11,65,66
TXN000437,S002,2024-12-27,Friday,438,17896.0,40.86,294,241,374,127,0.389,0.432,0.179,72,119
TXN000438,S003,2024-12-27,Friday,324,13791.76,42.57,219,191,270,105,0.414,0.465,0.122,70,74
TXN000439,S004,2024-12-27,Friday,435,22261.64,51.18,300,276,359,121,0.395,0.449,0.156,77,114
TXN000440,S005,2024-12-27,Friday,444,15712.23,35.39,290,267,367,115,0.369,0.457,0.174,98,99
TXN000441,S001,2024-12-28,Saturday,350,15705.06,44.87,239,203,321,122,0.382,0.463,0.154,64,99
TXN000442,S002,2024-12-28,Saturday,508,18349.35,36.12,369,283,442,136,0.409,0.465,0.126,118,107
TXN000443,S003,2024-12-28,Saturday,363,14512.47,39.98,263,215,330,91,0.382,0.462,0.156,73,108
TXN000444,S004,2024-12-28,Saturday,402,19548.8,48.63,273,234,359,102,0.416,0.442,0.143,70,106
TXN000445,S005,2024-12-28,Saturday,445,23473.92,52.75,327,254,363,139,0.373,0.413,0.214,79,94
TXN000446,S001,2024-12-29,Sunday,304,10694.29,35.18,198,191,264,94,0.376,0.407,0.217,50,63
TXN000447,S002,2024-12-29,Sunday,331,17747.22,53.62,248,202,267,104,0.399,0.463,0.138,53,73
TXN000448,S003,2024-12-29,Sunday,274,13911.32,50.77,198,172,237,73,0.398,0.429,0.173,44,79
TXN000449,S004,2024-12-29,Sunday,288,12600.0,43.75,195,178,238,77,0.374,0.459,0.167,51,81
TXN000450,S005,2024-12-29,Sunday,393,18113.53,46.09,258,222,331,108,0.376,0.4,0.224,84,93
